username,black,darkGrey,deepGrey,mediumGrey,lightGrey,white,beige,peach,brown,chocolate,rust,orange,yellow,pastelYellow,lime,green,darkGreen,forest,darkTeal,lightTeal,aqua,azure,blue,navy,purple,mauve,magenta,pink,watermelon,red,rose,maroon,darkChocolate,darkPurple
guantousam@lemmy.world,106,0,82,21,100,260,0,18,67,0,0,0,126,124,147,99,25,0,10,88,226,112,104,1,91,77,267,102,0,0,0,1,0,93
Lokloy@lemmy.world,125,108,27,39,16,598,1,35,5,4,60,29,390,294,53,160,74,51,41,35,115,151,246,41,44,14,37,144,21,39,3,0,0,52
Lilou41@lemmy.world,124,2,8,289,452,31,0,1,104,43,114,135,94,5,99,52,8,45,144,0,2,19,16,284,25,0,24,46,0,110,18,103,81,21
Dave@lemmy.nz,43,3,0,0,0,36,0,3,74,1,0,8,0,1,18,114,116,100,0,0,0,0,741,5,3,0,0,0,0,1,0,0,32,0
SquReal@toast.ooo,20,55,14,9,75,7,0,0,0,17,13,38,53,1,0,0,14,0,0,0,0,17,446,148,7,0,0,0,28,109,0,0,6,0
KoboldCoterie@pawb.social,55,1479,99,167,75,42,185,8,370,106,8,0,12,0,90,84,70,37,0,0,477,157,10,1,24,0,6,4,6,37,10,4,295,5
basxto@discuss.tchncs.de,22,0,0,0,0,0,0,0,0,0,0,0,0,0,0,0,0,0,0,0,0,7,0,0,0,0,0,0,0,0,0,0,0,0
lnxtx@feddit.nl,324,6,77,6,179,213,0,0,0,17,120,0,169,0,345,0,308,0,40,8,4,449,106,13,0,0,7,2,0,704,33,9,7,45
Kilgorio@lemmy.world,21,0,58,12,81,0,0,0,14,1,0,14,23,6,0,2,3,2,2,0,32,0,0,28,49,17,41,1,0,0,0,0,0,6
9point6@lemmy.world,0,0,0,0,0,31,0,0,0,0,0,0,0,0,0,13,0,0,0,0,0,0,0,0,0,0,0,0,0,2,0,0,0,0
parsnip@lemmy.ca,128,15,6,38,85,44,0,17,24,82,24,28,153,30,0,0,123,4,0,0,271,64,51,0,2,0,11,31,0,135,149,0,0,15
rrconkle@lemmy.zip,31,57,11,5,110,76,26,42,148,10,0,22,517,49,111,104,182,58,11,1,802,40,125,23,546,75,234,95,11,69,48,0,0,708
DuskyRo@lemmy.world,124,1,18,6,7,14,0,0,2,0,104,17,0,0,0,0,0,0,0,0,0,0,0,0,0,0,0,0,0,5,0,0,0,0
tblFlip@pawb.social,185,711,277,333,5,39,365,355,214,200,42,83,12,0,73,87,90,75,0,0,368,6,282,54,0,0,0,304,0,15,18,0,399,6
StillPaisleyCat@startrek.website,56,44,98,519,347,0,0,0,0,0,0,0,0,0,0,0,0,0,0,0,80,80,50,4,0,0,0,0,0,5,21,26,1,0
user224@lemmy.sdf.org,307,89,76,65,0,30,0,0,2,0,33,25,356,0,11,0,32,0,0,0,0,26,41,0,28,0,0,0,12,79,0,0,4,0
Syrc@lemmy.world,229,0,0,0,0,54,0,0,0,0,0,0,0,0,0,0,0,0,0,0,108,129,214,0,5,8,0,0,0,0,0,0,0,0
Ategon@programming.dev,1374,335,82,45,40,40,53,17,38,156,3,121,89,6,3,65,306,236,47,70,146,265,463,34,19,12,65,50,3,34,57,8,92,25
Tihan@lemmy.world,12,55,0,10,0,39,0,0,0,0,0,106,86,0,37,0,0,36,2,10,85,0,74,18,136,38,133,68,0,20,0,0,0,137
eatham@aussie.zone,50,0,0,5,4,1,2,0,0,0,0,0,61,0,0,0,0,0,0,0,0,0,184,117,0,0,0,0,0,37,0,0,0,0
Estiar@sh.itjust.works,0,3,0,13,16,25,0,0,8,31,52,0,0,0,0,0,0,0,47,0,0,0,193,8,0,0,0,0,0,74,6,0,0,0
Bigcheese@lemmy.world,7,0,0,3,10,46,0,12,0,0,1,31,54,11,4,0,2,0,0,2,334,1,17,34,14,2,72,42,3,7,0,0,0,210
Today@lemmy.world,0,0,0,0,0,3,0,0,13,0,0,0,0,0,0,0,0,0,0,0,0,0,0,0,0,0,0,0,0,0,0,0,0,0
Rooki@lemmy.world,7,0,0,0,0,0,0,0,0,0,0,0,0,0,0,0,0,0,0,0,0,0,0,0,0,0,0,0,0,0,0,0,0,0
ethan@aussie.zone,9,0,0,16,0,1,26,0,0,0,0,0,0,0,0,0,0,0,0,0,98,62,44,3,0,0,0,0,0,19,0,0,0,0
the_real_monte@sh.itjust.works,328,66,42,9,7,312,16,23,13,24,3,17,449,118,14,3,3,1,9,2,29,5,78,1,5,213,3,3,7,392,2,2,15,4
eagleeyedtiger@lemmy.nz,27,28,52,20,0,41,0,8,22,64,44,9,0,0,0,0,330,237,0,0,0,0,356,0,0,0,0,0,0,0,0,5,57,0
yistdaj@pawb.social,280,56,89,165,41,75,178,295,7,5,1,5,134,0,303,137,13,0,57,20,5,44,0,14,0,0,9,110,6,40,17,0,51,2
Ludrol@szmer.info,0,0,0,0,0,2,0,0,0,4,0,0,0,0,0,0,0,0,0,0,0,0,0,0,0,0,0,0,0,0,0,0,0,0
atlas@reddthat.com,158,48,5,2,0,21,30,0,26,110,13,2,0,0,0,0,0,44,278,53,0,17,0,0,0,0,0,0,0,21,29,6,50,0
LittleEndu@lemmy.world,273,64,5,22,254,211,0,0,0,0,0,0,0,0,0,0,0,0,0,0,0,0,0,0,0,0,0,0,0,0,0,0,0,0
Cringedrif@lemmy.world,0,19,0,0,0,3,0,0,0,0,65,0,40,0,0,0,0,0,0,0,0,0,0,0,0,0,75,0,0,0,0,0,0,0
ThePowerOfGeek@lemmy.world,0,0,0,0,0,0,0,0,0,0,0,0,0,0,0,0,0,0,0,0,0,0,0,0,0,0,0,0,0,3,0,0,0,0
sugar@toast.ooo,442,1,0,0,0,29,0,0,0,0,0,0,0,0,0,4,0,0,0,0,1,3,0,0,0,0,0,0,0,0,7,0,0,0
Redjard@lemmy.dbzer0.com,129,0,5,17,78,350,5,0,1,1,54,20,211,43,26,27,106,6,0,0,10,139,222,86,1,0,2,29,35,257,111,0,0,4
hitwright@lemmy.world,33,0,0,0,6,23,0,0,91,0,4,6,297,0,12,22,76,6,0,0,14,480,2,0,0,0,0,2,0,65,47,0,0,0
hark@lemmy.world,5,0,0,0,0,0,0,0,0,0,0,0,0,0,0,0,0,0,0,0,0,0,0,0,0,0,0,0,0,0,0,0,0,0
brgo@lemmy.nz,4,11,0,0,0,1,0,0,0,0,0,0,15,0,0,0,37,21,0,0,0,0,1,0,0,0,0,0,0,1,0,5,0,0
freddo@feddit.nu,6,0,0,0,0,7,0,0,0,0,0,6,46,23,0,0,0,0,0,0,3,55,482,0,0,0,0,0,0,8,9,4,0,0
PdizzleParker@lemmy.world,110,7,64,15,49,45,4,26,0,124,0,0,101,8,3,18,6,66,50,8,18,8,21,0,25,0,3,50,3,27,86,34,4,0
inlandempire@jlai.lu,14,34,0,0,6,5,0,0,0,0,0,0,39,0,0,0,10,0,0,0,0,29,138,8,0,1,2,9,5,180,107,1,0,0
kersploosh@sh.itjust.works,0,0,0,2,16,115,0,0,0,0,0,0,0,0,0,0,0,0,0,0,0,0,199,0,0,0,0,0,0,4,0,0,0,0
Techie@lemmy.world,48,7,25,15,3,45,0,0,0,0,0,0,0,0,0,0,0,0,0,0,0,0,1,0,0,0,0,0,0,0,0,0,0,0
AdrianTheFrog@lemmy.world,155,0,0,5,54,70,0,0,3,1,253,0,6,0,0,0,0,0,0,20,0,24,34,2,15,0,0,0,0,23,6,0,0,106
dabster291@lemmy.zip,53,76,73,55,30,9,1,18,0,0,3,9,28,7,15,2,4,0,0,0,0,0,0,0,7,0,0,0,0,8,0,0,0,13
ClamDrinker@lemmy.world,0,0,13,142,67,0,102,1,0,0,1,0,0,0,0,0,0,0,19,0,0,54,0,0,0,0,0,7,8,0,0,10,41,0
TheGuyTM3@lemmy.ml,130,89,37,46,21,27,87,0,356,67,1,0,14,0,0,3,0,3,168,0,4,341,15,0,2,23,4,84,88,94,96,57,108,0
SiKCLeR@lemmy.world,0,0,0,0,0,0,0,0,0,0,0,0,0,0,0,0,0,0,0,0,0,0,6,0,0,0,0,0,0,0,0,0,0,0
pruwybn@discuss.tchncs.de,0,0,0,0,1,0,0,0,0,0,0,0,0,0,0,0,0,0,0,0,0,0,0,0,0,0,2,0,0,0,0,0,0,0
lazycouchpotato@lemmy.world,1,10,0,0,0,1,0,0,0,0,0,0,0,0,0,0,0,0,0,0,0,0,0,0,0,0,0,0,0,0,0,0,0,0
Johannes@feddit.nu,0,0,0,0,0,0,0,0,0,0,0,0,207,0,0,0,0,0,0,0,0,0,0,0,0,0,0,0,0,0,0,0,0,0
Astrealix@lemmy.world,109,4,14,21,89,39,134,65,17,21,24,51,452,119,0,4,15,4,0,0,0,25,127,35,11,0,3,42,81,816,330,0,0,78
Sibbo@sopuli.xyz,266,6,0,0,0,14,0,0,0,0,0,2,161,0,0,0,0,0,0,0,0,0,0,0,0,0,0,0,0,104,0,0,0,22
threelonmusketeers@sh.itjust.works,895,61,8,961,3,164,0,0,0,17,6,0,0,0,4,60,31,5,1,66,308,0,1,199,1,0,0,0,4,110,0,0,0,0
FairyZombie@lemmy.world,1,0,24,18,34,1,1,9,167,524,0,0,0,479,0,0,0,0,0,0,0,0,0,0,0,0,0,0,16,0,0,0,21,0
CameronDev@programming.dev,9,0,0,0,0,1,1,0,0,0,2,0,1,0,1,0,0,0,0,0,0,1,1,0,0,0,0,1,0,5,2,3,0,0
Vector@lemmy.world,0,0,0,3,57,0,0,0,0,0,0,0,0,0,0,0,87,0,0,0,3,0,0,0,14,0,0,0,0,0,0,0,0,0
Anahkiasen@lemmy.blahaj.zone,0,0,0,0,0,0,0,0,0,0,0,0,0,0,0,0,0,0,0,0,0,0,0,0,0,0,0,2,0,0,0,0,0,0
Kelo@lemmy.world,324,28,42,44,32,125,2,2,9,28,9,8,120,0,3,5,57,7,0,0,78,65,126,15,40,6,20,13,1,99,29,0,10,12
Fizz@lemmy.nz,19,0,41,0,0,5,0,0,9,66,2,0,0,0,0,0,238,38,0,0,0,0,379,0,0,0,0,0,0,0,0,0,153,0
faceula@lemmy.world,0,0,0,0,0,0,0,0,0,0,0,0,0,0,0,1,2,0,0,0,0,0,0,0,0,0,0,0,0,0,0,0,0,0
mckean@programming.dev,28,0,0,7,0,0,0,0,0,0,0,0,0,0,0,8,6,1,0,0,0,6,3,0,11,3,2,1,0,0,0,0,0,0
cryoistalline@lemmy.ml,27,0,0,0,0,16,0,0,0,1,4,1,1,1,3,2,2,1,0,0,0,49,0,0,0,0,0,0,0,49,3,2,1,0
LordAmplifier@pawb.social,0,0,0,38,0,7,0,108,75,4,0,0,0,0,0,0,0,0,0,0,0,0,0,0,0,0,0,0,0,5,0,0,4,0
thedoginthewok@lemmy.world,1,0,0,0,0,0,0,0,0,0,0,0,0,0,0,0,0,0,0,0,0,0,0,0,0,0,0,0,0,0,0,0,0,0
preussischblau@lemmy.ca,27,0,0,0,0,0,0,0,0,0,0,0,0,0,0,0,0,0,0,0,0,0,0,0,0,0,0,0,0,53,0,0,0,0
NorthWestWind@lemmy.world,13,1,2,0,5,2,32,1,0,0,0,0,30,3,0,0,0,0,8,32,11,0,0,0,0,0,0,0,0,0,6,0,0,0
ButWhatDoesItAllMean@sh.itjust.works,2,0,0,0,0,1,0,0,0,0,0,0,0,0,0,0,0,0,0,0,0,0,0,0,0,0,0,0,0,1,0,0,0,0
Fjern@lemmy.world,35,0,0,0,0,2,0,0,0,2,0,0,5,0,0,0,0,0,0,0,0,0,49,1,0,0,0,0,0,23,0,0,1,0
AI_toothbrush@lemmy.zip,0,0,0,0,0,0,0,0,0,0,0,0,0,0,0,0,0,0,0,0,0,0,10,0,0,0,0,0,0,0,0,0,0,0
Beaker@lemmy.blahaj.zone,42,0,2,29,0,0,0,0,0,0,0,0,1,0,0,34,7,0,0,0,2,0,0,0,0,0,0,0,0,1,0,0,0,0
pewgar_seemsimandroid@lemmy.blahaj.zone,28,0,0,0,0,6,0,0,0,0,0,0,0,0,0,0,0,0,0,0,0,0,0,0,0,0,0,0,0,0,0,0,0,0
tonyn@lemmy.ml,60,0,2,1,0,33,0,0,0,0,0,0,0,0,0,0,0,0,0,0,0,0,19,2,14,0,24,0,0,0,0,0,0,3
Snoopy@jlai.lu,170,16,106,131,31,58,67,0,19,59,14,4,30,35,0,26,11,5,160,516,14,112,29,292,29,0,156,93,0,22,166,0,19,82
0_0@sopuli.xyz,127,0,0,0,22,60,0,0,0,0,0,64,51,0,0,0,27,0,6,23,51,23,63,7,0,0,1,1,0,104,0,0,1,33
siv9939@lemmy.zip,818,9,11,483,252,44,5,12,50,0,0,0,497,186,0,0,28,0,0,0,0,0,78,37,9,0,10,0,0,0,1,0,0,0
Vaporek@mas.to,321,97,249,40,71,301,193,90,314,149,26,7,13,15,31,0,16,0,19,16,402,273,54,110,24,9,5,114,7,49,69,35,0,63
Ohsin@mastodon.social,498,0,1,41,210,22,1,14,48,0,2,2,49,0,0,0,23,0,247,276,10,7,77,0,0,11,0,0,18,59,1,0,0,16
lvxferre@mander.xyz,99,9,69,172,90,39,22,117,173,31,128,402,74,9,5,297,618,91,0,0,234,67,266,0,27,7,3,0,2,22,20,77,79,1
tynstar@nerdculture.de,266,10,47,5,56,142,39,0,0,0,0,8,148,0,0,0,148,5,0,0,4,0,274,801,0,4,0,0,8,169,4,0,0,0
flughoernchen@feddit.org,370,10,7,26,4,56,0,36,0,0,38,59,944,26,0,34,261,3,0,11,19,62,164,73,123,26,5,52,54,404,0,14,0,302
PixelAnimeArtist@mas.to,9,8,184,28,100,40,67,18,15,32,29,10,4,0,29,0,0,0,17,0,115,32,6,1,0,0,0,0,2,4,2,0,4,0
tetsuyayu@mas.to,0,0,18,0,1,3,1,0,0,0,0,0,0,0,7,0,0,0,0,0,0,0,0,0,0,0,0,0,0,2,0,0,0,0
starpup@toast.ooo,197,16,26,215,154,393,7,15,17,30,25,39,198,42,40,95,36,32,120,237,506,192,210,651,633,142,169,177,0,67,5,21,23,454
ChaoticNeutralCzech@feddit.org,0,0,0,164,96,9,0,0,0,0,10,10,4,0,0,0,0,0,0,0,0,14,39,0,0,12,0,0,0,18,7,0,0,33
wh0_cares@lemmy.blahaj.zone,0,0,0,0,0,12,0,6,0,0,0,3,51,3,0,11,2,0,0,0,55,2,17,0,5,0,0,0,0,0,0,0,0,0
ACatAndPonyShow@mastodon.social,0,0,0,2,0,1,1,0,0,0,1,1,0,0,0,0,0,0,0,0,0,0,0,0,0,0,0,10,0,1,10,0,0,0
Setarkus@toast.ooo,287,0,0,0,13,2,0,0,0,0,0,0,0,0,110,20,55,83,0,15,0,0,0,0,0,0,0,0,0,0,0,0,0,0
ns1@feddit.uk,2,0,0,0,15,40,1,0,9,8,2,0,1,1,8,8,7,1,2,0,1,0,30,0,7,0,2,0,1,51,0,0,0,0
Staden_@pawb.social,232,0,0,31,2,37,0,0,0,0,17,0,39,0,0,21,0,0,0,0,215,21,96,218,19,0,1,10,0,27,7,0,0,0
Monstanner@lemmy.ml,0,0,0,0,0,9,0,0,0,0,0,0,0,0,0,0,0,0,0,0,0,0,0,0,28,0,0,0,0,0,0,0,0,0
GeekFTW@lemmy.zip,590,15,36,74,100,6,0,0,0,0,0,0,424,214,0,0,0,0,0,0,28,162,43,0,0,0,0,0,6,40,39,0,0,0
nonDanya@ani.social,40,0,0,2,0,2,0,0,0,0,0,0,0,0,75,23,33,10,0,0,0,0,0,0,0,0,0,0,0,0,0,0,0,0
Kalcifer@sh.itjust.works,65,0,13,56,0,51,0,0,0,0,0,6,11,0,0,0,13,0,0,0,18,0,25,1,0,0,0,0,0,3,0,0,0,14
DrDuskSaw@lemmy.world,199,4,19,15,58,34,47,31,52,33,37,112,190,73,158,3,3,20,166,15,30,52,81,36,1,2,21,128,47,45,45,44,1,19
OGE@programming.dev,0,0,0,0,0,0,0,0,0,0,0,0,3,0,0,0,0,0,49,37,0,23,64,0,0,0,0,1,0,0,0,0,0,0
CaptainBasculin@lemmy.ml,0,0,0,0,0,0,0,0,0,0,0,0,0,0,0,0,0,0,0,0,0,0,0,0,0,0,0,0,0,4,0,0,0,0
unexposedhazard@discuss.tchncs.de,53,3,6,4,3,1,0,0,0,0,0,0,7,14,0,0,0,0,36,1,0,0,4,5,0,0,0,0,0,20,0,0,0,106
grant@grants.cafe,391,27,16,24,23,17,114,4,48,21,0,4,0,0,0,8,0,0,0,0,0,0,47,0,0,0,0,0,0,2,0,0,0,0
misericordiae@literature.cafe,745,0,74,19,55,412,53,0,9,0,16,1,19,9,9,2,274,128,64,36,14,35,199,0,18,0,0,0,226,0,18,1,0,13
TheWaffleLord@toast.ooo,88,7,0,22,9,39,0,0,22,20,78,40,117,58,0,1,3,2,3,16,60,10,78,86,0,7,89,307,20,14,2,4,0,68
anhkagi@jlai.lu,33,0,0,0,0,0,0,0,0,6,0,0,0,0,0,0,0,0,0,0,0,0,0,0,0,0,0,0,0,0,0,0,0,0
mindbleach@sh.itjust.works,55,6,56,29,33,37,0,1,0,0,4,12,44,1,61,3,19,10,1,0,0,527,148,8,49,8,114,636,0,0,17,12,11,53
sleepingoddish@lemmy.zip,1254,0,0,0,0,61,8,1,1,6,0,0,10,8,0,0,7,0,0,0,0,0,50,12,0,0,0,0,0,2,0,0,0,15
synapse1278@lemmy.world,334,0,0,0,0,670,0,0,0,0,0,0,0,0,0,0,0,0,0,0,0,0,29,0,0,0,0,0,261,29,436,338,0,0
dronarnia@lemmy.world,19,3,0,8,19,59,0,0,18,0,2,4,72,1,0,1,15,4,0,0,0,16,66,0,0,2,0,0,0,4,0,0,14,0
emb@lemmy.world,5,0,2,0,0,6,0,0,0,0,1,0,0,0,8,0,2,12,0,0,0,41,137,4,258,136,0,1,0,0,0,0,0,194
taaz@biglemmowski.win,0,0,0,0,0,0,0,0,0,0,0,0,0,0,0,0,0,0,0,0,0,0,1,0,0,0,0,0,0,0,0,0,0,0
greenwizard@toast.ooo,38,0,0,0,0,2,0,0,0,0,0,0,0,0,189,88,63,15,0,0,0,0,0,0,0,0,0,0,0,58,0,0,0,0
thirdBreakfast@lemmy.world,140,0,0,80,111,41,35,0,0,0,0,0,28,0,0,0,0,0,0,3,83,133,127,345,7,0,0,31,0,80,0,0,0,0
Stitch0815@feddit.org,0,0,0,43,0,21,0,0,0,0,40,27,53,14,0,13,2,0,0,0,0,23,40,101,61,0,0,0,9,66,8,0,0,19
Green21Black@feddit.org,71,64,20,20,53,129,0,0,59,32,1,186,430,31,0,0,62,147,33,0,121,26,94,6,0,0,34,11,0,80,14,5,41,0
zoe@mastodon.de,152,0,0,0,0,3,0,0,0,0,0,0,0,0,0,0,0,0,0,0,0,0,0,0,0,0,0,0,0,70,0,0,0,0
catatat@feddit.org,0,0,0,0,11,0,0,0,0,0,0,2,3,1,0,0,0,0,0,0,0,0,0,0,0,0,0,0,0,0,0,0,0,0
Hubi@feddit.org,27,32,0,0,0,1,0,0,0,0,18,0,32,0,0,0,0,0,0,0,0,3,19,0,15,0,0,0,0,119,0,0,11,27
Helium1234@lemmy.world,0,0,2,0,1,0,0,0,0,0,0,0,37,0,0,0,0,0,0,0,138,161,116,0,0,2,0,7,0,0,0,0,0,0
Undearius@lemmy.ca,0,0,0,0,0,0,0,0,0,0,0,0,0,0,0,0,0,0,0,0,0,0,0,0,0,0,0,0,0,11,0,0,0,0
LongLive@lemmy.world,0,0,0,0,0,0,0,0,0,0,0,0,0,0,0,0,0,0,0,0,0,0,0,0,0,0,0,0,0,16,0,0,0,0
PropaGandalf@lemmy.world,266,0,0,0,0,4,0,0,11,21,0,1,338,0,6,0,0,0,0,0,0,0,0,0,0,0,0,0,0,0,0,4,21,0
Pandantic@midwest.social,185,39,1,0,12,4,0,0,5,4,14,41,33,0,5,18,10,17,13,2,8,64,26,1,14,12,0,3,38,26,30,1,0,114
Hardened4416@lemmynsfw.com,93,0,0,0,0,0,0,0,0,0,0,0,0,0,0,0,0,0,0,0,0,0,0,0,0,0,0,0,70,0,78,0,0,0
Matombo@feddit.org,55,0,0,0,0,4,0,0,0,0,0,0,0,0,0,0,0,0,0,0,0,0,0,0,0,0,0,0,0,2,0,0,0,0
rockmeat@feddit.org,34,0,7,1,0,189,0,0,0,0,0,0,0,0,0,0,0,0,0,0,3,0,13,5,77,2,0,3,33,7,0,0,0,18
martinbasic@lemmy.world,421,10,0,29,32,62,0,0,0,0,0,0,10,0,0,0,0,0,42,44,64,185,0,0,1,0,0,0,0,10,0,0,0,8
AutoPastry@sopuli.xyz,0,0,0,4,4,0,0,0,0,0,0,0,23,0,0,9,0,0,16,0,145,0,0,138,0,0,0,0,0,0,0,0,0,0
LittleshyFiM@derpy.masto.host,96,27,9,72,97,45,0,5,52,41,4,14,193,124,7,2,1,2,27,31,141,65,84,0,4,1,9,18,12,72,47,0,3,12
ValueSubtracted@startrek.website,536,62,16,573,465,60,0,0,0,0,0,0,0,0,0,5,1,0,0,0,31,0,0,0,0,0,0,0,0,7,22,0,0,0
crazyminner@lemmy.ml,26,0,0,0,0,0,0,0,0,21,0,0,0,17,0,0,81,0,0,0,0,0,0,0,0,0,0,0,0,0,0,0,0,0
Terrance@lemmy.world,7,0,0,0,0,15,0,0,0,0,0,0,59,0,0,0,7,0,0,0,0,12,0,0,63,137,0,7,0,0,4,0,0,32
ChaosCoati@midwest.social,138,15,45,162,178,5,47,10,49,33,17,50,24,15,9,0,38,24,75,80,26,20,16,0,0,0,1,0,22,6,2,4,0,0
Ethanol@pawb.social,43,330,339,178,0,2,56,3,39,121,18,0,35,0,20,47,52,2,0,6,0,135,31,0,1,1,7,2,0,14,21,9,125,0
Lemminary@lemmy.world,57,0,0,0,0,0,0,0,0,0,62,0,19,0,0,0,13,0,0,0,0,0,13,0,7,0,0,0,0,6,0,0,0,24
livingheart@sh.itjust.works,39,0,0,49,34,35,0,0,0,2,1,5,57,0,0,27,21,19,0,0,1,0,46,0,0,6,0,0,0,11,20,0,0,0
filmroellchen@chaos.social,9,11,4,40,0,116,0,0,0,0,4,6,21,0,0,1,0,0,0,0,0,108,5,18,0,0,3,14,38,20,0,0,0,0
OlimitLolli@feddit.org,18,0,0,2,44,21,0,0,0,0,0,0,0,0,0,0,15,0,0,0,0,0,0,0,21,0,0,0,0,14,0,0,0,11
arudesalad@sh.itjust.works,0,0,0,0,0,0,0,0,0,0,0,0,0,0,0,0,0,0,0,0,0,0,4,0,0,0,0,0,0,0,0,0,0,0
zibberzebra@feddit.org,2,0,0,0,0,0,0,0,0,0,0,0,7,0,0,0,0,0,0,0,0,0,0,0,0,0,0,0,0,74,0,0,0,9
kaida@feddit.org,0,0,0,0,0,0,0,0,0,0,111,0,0,0,0,0,0,0,0,0,0,0,3,0,0,0,0,0,0,0,0,0,0,0
lemming@sh.itjust.works,5,0,0,2,14,0,0,0,0,0,0,0,0,0,0,0,0,0,0,0,6,0,4,0,0,0,0,0,0,2,0,0,0,0
blackjacksepp@mstdn.party,74,23,40,1,15,57,0,0,98,72,1,84,86,4,0,0,75,215,0,0,65,42,92,15,0,0,0,1,4,29,0,0,60,0
EvilCartyen@feddit.dk,4,0,0,0,0,0,0,0,0,1,0,0,0,0,0,0,0,0,0,0,0,0,0,0,0,0,0,0,0,0,0,0,0,0
one_suit_samus@retro.pizza,17,0,0,0,0,11,0,0,0,0,0,0,0,0,0,0,0,0,0,0,0,0,0,0,0,0,0,0,0,0,0,0,6,0
d_k_bo@feddit.org,11,0,0,0,0,0,0,0,0,0,0,0,0,0,0,0,0,0,0,0,0,0,25,0,0,0,0,0,0,0,0,0,0,0
Binette@lemmy.ml,87,86,25,48,147,28,119,20,92,5,20,17,77,4,0,0,15,0,66,0,0,1,119,19,0,0,0,21,55,32,37,14,1,20
everett@lemmy.ml,0,1,0,0,0,0,0,0,0,0,0,0,2,0,1,1,0,0,1,0,1,0,0,0,0,0,0,0,0,0,0,0,0,0
cows_are_underrated@feddit.org,0,0,0,0,45,0,0,0,0,0,0,0,13,0,0,0,14,0,0,0,0,0,3,0,0,0,0,0,0,0,0,0,0,0
Corgana@startrek.website,8,0,0,4,13,2,0,0,0,0,0,0,0,0,0,0,0,0,0,0,0,0,0,0,0,0,0,0,0,0,0,0,0,0
pinage404@mamot.fr,4,0,0,0,0,0,0,0,0,0,0,4,0,0,0,0,16,0,0,0,102,0,131,0,0,0,0,0,0,0,0,0,0,0
deedan06_@lemmy.dbzer0.com,1616,1,0,0,0,0,0,0,0,0,0,0,0,0,0,0,0,0,0,0,0,0,0,16,0,0,0,0,0,0,0,0,0,0
Quilly@equestria.social,4,0,4,0,0,29,0,0,0,0,5,6,23,54,28,126,83,3,20,83,1,0,0,0,27,1,40,6,0,35,3,0,5,21
baldingpudenda@lemmy.world,0,0,0,0,0,1,0,0,0,0,0,0,0,0,0,0,0,0,0,0,0,0,88,0,0,0,0,0,0,0,0,0,0,0
Montagge@lemmy.zip,0,40,0,0,0,0,0,0,0,0,0,0,0,0,0,0,0,0,0,0,0,0,0,0,0,0,0,0,0,0,0,0,0,0
nossaquesapao@lemmy.eco.br,0,11,0,0,0,18,0,0,0,0,0,0,20,0,0,63,13,58,2,0,0,0,28,0,0,0,0,0,0,25,0,33,0,0
NorthWestWind@wetdry.world,4,3,1,0,1,3,25,1,0,0,0,0,28,0,0,0,0,0,0,20,0,0,0,0,0,0,0,0,0,0,0,0,0,0
olebla@feddit.org,0,0,0,0,0,0,0,0,0,0,0,0,146,0,0,0,0,0,0,0,0,0,0,0,0,0,0,0,0,2,0,0,0,0
mat@jlai.lu,0,0,0,0,0,0,0,0,0,0,0,0,0,0,0,0,0,0,0,0,0,0,0,0,0,0,0,10,0,1,0,0,0,0
usernamesAreTricky@lemmy.ml,1,0,0,0,27,0,0,0,0,56,0,0,0,420,0,0,1,0,0,0,0,0,0,0,0,0,0,0,0,0,0,0,96,0
DerTschl0mpf@sh.itjust.works,0,0,0,0,0,4,0,0,0,0,0,0,0,0,0,0,64,0,0,0,0,0,0,0,0,4,0,0,0,35,0,0,0,700
ZeptoAto@fosstodon.org,0,0,0,0,0,0,0,0,0,0,0,0,0,0,0,0,0,0,0,0,0,0,2,0,0,0,0,0,0,0,0,0,0,0
T_the_cheet@mastodon.social,750,4,0,1,2,5,3,0,0,0,0,1,5,6,0,0,0,1,1,0,0,0,1,0,1,0,0,0,0,4,0,0,0,0
Daeltam@toast.ooo,155,0,0,0,0,0,0,0,0,0,0,0,0,0,0,0,0,0,0,0,0,1,0,0,0,0,0,0,0,20,0,0,0,0
wieson@feddit.org,32,0,0,0,0,0,0,0,0,0,0,0,0,0,0,0,0,0,0,0,0,7,16,0,0,0,0,0,0,3,0,0,0,0
hawthornbunny@equestria.social,9,0,43,40,67,94,0,4,81,2,16,30,127,0,0,0,15,0,12,6,104,41,160,47,18,5,233,61,1,137,21,0,0,1
vbb@lemmy.world,0,0,1,56,19,0,22,0,64,0,0,0,0,0,0,0,0,0,11,0,0,0,0,0,0,0,0,0,5,8,10,10,7,0
Scio@lemmy.world,0,0,0,1,0,0,0,0,0,0,0,0,0,0,0,0,0,0,0,0,0,0,0,0,0,0,0,0,0,0,0,0,0,0
purple_drank@lemmy.world,10,0,1,27,51,48,0,0,34,0,0,4,51,0,0,5,62,2,0,0,44,2,134,0,3,0,0,0,0,75,7,0,0,7
filmroellchen@donotsta.re,7,0,0,0,0,20,0,0,0,0,0,0,0,0,0,0,0,0,0,0,0,0,0,8,0,0,0,15,0,0,0,0,0,0
onoira@lemmy.dbzer0.com,74,0,0,0,11,30,0,0,0,0,1,19,0,0,0,2,35,12,0,0,0,5,4,0,19,0,0,22,0,7,0,95,0,16
jak2k@mastodontech.de,7,0,0,0,0,0,0,0,0,0,0,2,39,0,0,0,5,0,0,0,0,16,20,0,0,0,0,0,0,63,0,0,0,0
Gobbel2000@programming.dev,72,3,11,3,8,26,0,0,0,0,0,0,8,0,0,3,58,1,54,72,30,10,12,96,0,0,0,0,4,141,132,18,0,0
TIN@feddit.uk,0,0,0,0,0,0,0,0,0,0,0,0,6,0,0,12,0,0,0,0,12,4,1,0,12,0,0,0,0,12,0,0,0,0
Sonne@feddit.org,4,0,0,0,0,10,0,0,0,0,0,0,0,0,0,0,0,0,0,0,0,0,0,0,0,0,0,0,0,8,0,0,0,0
JPAKx4@lemmy.blahaj.zone,29,0,0,0,0,7,0,0,0,0,7,0,0,0,0,0,0,0,0,0,0,0,7,6,0,0,0,0,0,0,0,0,2,3
Localhorst86@feddit.org,0,0,0,0,0,0,0,0,0,0,0,0,2,0,0,0,0,0,0,0,0,0,0,0,0,0,0,0,0,0,0,0,0,0
jpolgesek@101010.pl,0,0,0,0,0,55,0,0,0,0,0,0,0,0,0,0,0,0,0,0,0,12,178,0,90,0,0,0,0,0,0,0,0,0
SceptrN@feddit.org,7,0,0,0,0,0,0,0,0,0,0,0,0,0,0,5,1,0,0,0,0,0,0,2,0,0,0,0,0,5,0,0,0,0
ColtenG9@toast.ooo,0,0,0,0,0,0,0,0,0,0,0,0,1,0,0,0,0,0,0,0,0,0,0,0,0,0,0,0,0,0,0,0,0,0
ZonenRanslite@feddit.org,317,24,0,0,0,8,0,0,0,0,0,0,233,6,0,0,0,0,0,0,0,0,0,0,43,1,134,0,0,207,0,0,0,15
garth@sh.itjust.works,0,0,0,0,0,0,0,0,0,0,0,0,0,0,0,0,0,0,0,0,0,0,10,0,0,0,0,0,0,0,0,0,0,0
Starfighter@discuss.tchncs.de,119,0,0,0,0,0,0,0,0,0,0,0,24,0,0,0,0,0,0,0,30,0,162,0,0,0,0,0,0,116,0,0,0,7
logan9789@equestria.social,33,0,0,0,0,0,11,0,0,0,0,0,28,9,0,0,24,0,0,0,4,0,0,1,26,0,55,297,0,0,0,0,0,20
Marty_TF@lemmy.zip,0,0,0,0,0,0,0,0,0,0,0,0,0,0,0,0,0,0,0,0,0,0,8,0,0,0,0,0,0,0,0,0,0,0
webghost0101@sopuli.xyz,163,7,0,0,16,63,1,0,0,0,0,34,59,153,1,3,3,4,0,0,42,5,0,0,0,0,0,10,0,65,0,10,0,10
domi@donotsta.re,285,67,12,88,25,77,0,0,0,0,1,4,40,0,0,1,0,28,0,0,5,24,51,28,24,1,0,0,14,55,0,0,0,0
daniel@social.dhelonious.de,48,29,2,70,72,16,1,9,15,0,22,22,17,28,0,0,9,1,0,0,2,23,0,0,0,0,0,2,1,30,10,2,0,1
Oha@lemmy.ohaa.xyz,0,0,0,0,0,0,0,0,0,0,0,0,0,0,0,0,0,0,0,0,0,0,0,0,0,0,0,0,0,1,0,0,0,0
nilloc@discuss.tchncs.de,0,0,16,0,0,1,0,0,0,0,0,0,0,0,0,0,0,0,0,0,0,0,0,0,0,0,0,0,0,0,0,0,0,0
ddaarroo@lemmy.world,8,0,0,0,0,0,0,0,0,0,1,7,0,0,0,0,0,0,0,0,0,0,0,0,0,0,0,0,0,0,0,0,0,0
bobtimus_prime@feddit.org,2,0,2,5,14,0,0,0,0,0,2,0,12,0,0,1,1,0,0,0,0,0,7,0,0,0,0,0,0,13,0,0,0,0
Addoyy@feddit.org,32,0,0,0,0,0,0,0,0,0,0,0,16,0,0,0,0,0,0,0,0,0,0,0,0,0,0,0,0,36,0,0,0,0
yourNewFavouriteUser@sh.itjust.works,349,0,0,0,73,13,0,0,0,0,7,0,12,0,0,19,106,5,0,0,2,0,1,1,24,0,0,0,0,72,0,0,0,0
miostetsson@feddit.org,0,9,0,0,0,0,0,0,0,0,11,0,0,0,0,0,0,0,0,0,0,0,0,0,0,0,0,0,0,58,0,0,0,0
petrescatraian@mstdn.ro,64,0,0,14,0,0,0,0,0,0,0,0,7,0,0,0,0,0,0,0,0,0,98,0,0,0,0,0,0,110,3,0,0,0
mossgreeneddie@chaos.social,0,0,0,0,0,0,0,0,0,0,0,0,0,0,0,0,0,0,0,0,0,0,0,0,17,1,0,0,40,2,0,0,0,0
HelloHotel@lemmy.world,17,0,0,0,0,1,0,0,0,0,0,0,0,0,0,0,0,0,0,0,0,0,0,0,0,0,0,0,0,1,0,0,0,0
elvith@feddit.org,196,26,0,0,0,4,0,0,0,0,0,0,18,0,0,0,7,0,0,0,1,2,7,12,43,1,18,4,0,116,0,0,0,30
Schwoosh@lemmy.ca,0,0,0,0,0,0,0,0,0,0,0,0,0,0,0,0,0,0,0,0,0,0,0,0,0,0,0,5,0,0,0,0,0,0
data1701d@startrek.website,17,14,0,6,11,0,0,0,0,0,0,0,0,0,0,0,0,0,0,0,0,0,0,0,0,0,0,0,0,0,0,0,0,0
fylkenny@feddit.org,3,0,0,0,0,0,0,0,0,0,0,0,0,0,0,0,0,0,0,0,0,0,0,0,0,0,0,0,0,0,0,0,0,0
matteufo95@mastodon.uno,365,0,0,6,16,5,128,0,0,215,0,0,8,0,0,0,0,0,0,18,24,0,0,0,13,0,0,12,4,30,11,0,48,0
im_at_work_mom@lemmy.world,0,0,0,0,0,5,0,0,0,0,0,0,0,0,0,0,0,0,0,0,0,0,0,0,0,0,0,0,0,0,0,0,0,0
helios@social.ggbox.fr,0,1,0,0,0,0,0,0,0,0,0,0,0,0,0,0,0,0,0,0,0,0,0,0,0,0,0,0,0,0,0,0,0,0
box464@mastodon.social,0,0,0,0,0,0,0,3,0,0,0,0,0,0,0,0,0,0,0,0,0,0,0,0,0,0,0,0,0,0,0,0,0,0
schlump@feddit.org,0,0,0,0,0,0,0,0,0,0,0,0,1,0,0,0,0,0,0,0,0,0,0,0,0,0,0,0,0,0,0,6,0,0
alanceil@feddit.org,0,0,0,0,0,0,0,0,0,0,0,0,0,0,0,0,0,0,0,0,0,0,2,0,0,0,0,0,0,0,0,0,0,0
Panq@lemmy.nz,0,0,0,0,0,0,0,0,14,0,0,0,0,0,0,0,0,0,0,0,0,0,160,0,0,0,0,0,0,0,0,0,0,0
ThePinkUnicorn@lemdro.id,0,0,0,0,0,0,0,0,0,0,0,0,0,0,0,0,0,0,0,0,6,0,0,0,0,0,0,0,0,0,0,0,0,0
Svennas@lemmy.world,0,0,0,0,0,0,0,0,0,0,0,0,0,0,0,0,0,0,0,0,0,0,0,2,0,0,0,0,0,0,0,0,0,0
ellie@social.lol,20,6,2,0,0,7,0,0,0,0,0,0,0,85,0,0,0,0,0,0,5,53,0,19,0,0,0,0,6,30,0,0,0,11
kubikpixel@chaos.social,0,0,0,0,0,0,0,0,0,0,14,0,0,0,0,0,0,4,0,0,0,0,0,0,0,0,0,0,0,2,0,0,0,0
smokeymcpott@feddit.org,0,0,0,0,0,1,0,0,0,0,0,0,0,0,0,0,0,1,0,0,0,0,0,0,0,0,0,0,0,0,0,0,0,26
Mykeyy@toast.ooo,2,0,0,2,0,31,0,0,0,0,0,0,0,0,0,0,0,0,0,0,5,0,73,0,0,0,0,0,0,0,0,0,0,0
bravesentry@feddit.org,678,13,0,0,0,2,17,0,0,0,0,0,212,0,0,0,0,1,0,0,2,0,206,0,0,0,9,0,0,4,0,0,0,0
maumauukitty@blahaj.zone,126,31,0,4,23,12,0,36,0,0,0,2,38,0,1,4,13,1,0,0,4,0,1,0,0,4,0,4,14,112,0,0,0,0
Scraft161@tsukihi.me,0,0,0,0,12,1,0,0,0,0,0,0,0,0,0,0,0,0,0,0,0,21,4,0,0,0,20,36,0,18,0,0,0,0
ohshit604@sh.itjust.works,150,0,0,0,0,35,0,0,0,0,0,0,0,0,1,11,0,1,0,0,0,0,0,6,0,0,1,0,0,49,241,0,0,0
bigy@reddthat.com,99,0,28,0,7,60,0,0,6,35,0,0,0,81,0,0,341,0,0,0,0,0,0,0,25,0,0,0,0,0,0,0,45,0
Fletcher66@lemmy.world,3,0,0,0,0,0,0,0,0,0,0,0,0,0,0,0,0,0,0,0,0,0,0,0,0,0,0,0,0,0,0,0,0,0
JRaccoon@discuss.tchncs.de,415,5,11,43,33,76,21,0,13,4,35,4,138,3,12,8,94,1,9,1,31,281,286,324,17,24,5,0,0,266,18,1,0,16
nmuniz@toast.ooo,33,0,5,5,8,9,14,5,2,20,0,0,1,1,0,0,6,0,5,1,0,0,0,0,0,0,0,22,5,11,6,6,0,0
DeltAndy@lemmy.zip,0,0,0,0,0,0,0,1,74,0,0,32,0,0,0,0,0,0,0,0,7,0,6,29,0,0,0,0,0,0,0,0,0,0
kokodad@lemmy.world,57,18,0,2,3,1,0,0,0,0,8,3,43,0,0,0,0,0,0,0,1,5,3,0,0,0,0,0,0,22,9,5,0,0
Seefoo@lemmy.world,0,0,0,0,0,52,0,0,0,0,0,0,0,0,0,0,0,0,0,0,1,0,0,0,0,0,100,0,0,0,0,0,0,0
bitofarambler@crazypeople.online,0,0,1,0,0,0,0,0,0,0,0,0,0,0,0,0,0,0,0,0,0,0,0,0,0,0,0,0,0,0,0,0,0,0
Dagnet@lemmy.world,1,0,0,0,0,0,0,0,0,0,0,0,0,0,0,2,0,0,0,0,0,0,0,0,0,0,0,0,0,0,0,0,0,0
bfg9k@lemmy.world,0,0,0,0,0,5,0,0,0,0,0,0,0,0,0,0,0,0,0,0,0,0,127,0,0,0,0,0,0,0,0,0,0,0
ellypony@lemmy.world,0,0,0,0,14,4,0,0,0,0,0,0,0,0,0,48,0,0,0,0,22,4,0,221,0,0,17,5,0,0,0,0,0,0
Dubman@lemmy.world,4,0,0,0,0,0,0,0,0,0,0,0,0,0,0,0,0,0,0,0,0,0,0,0,0,0,0,0,0,0,0,0,0,0
jonathan7luke@lemmy.zip,0,0,0,0,0,5,0,0,0,33,0,0,0,0,0,0,8,0,0,0,0,18,0,0,0,0,0,0,0,9,2,0,53,0
itslilith@lemmy.blahaj.zone,0,0,0,0,0,0,0,0,0,0,0,0,0,0,0,0,0,0,0,0,0,0,0,0,0,0,0,0,0,3,0,0,0,7
bankercat3@lemmy.world,0,0,0,0,0,1,0,0,0,0,2,0,0,0,0,0,0,0,0,8,0,0,1,0,0,0,0,0,0,0,0,0,0,0
Snickerz_Bar@lemmy.world,4,0,0,0,0,0,0,0,0,0,0,0,0,0,0,0,0,0,0,0,0,0,0,0,0,0,0,0,0,0,0,0,0,0
laverabe@lemmy.zip,101,5,4,0,0,2,0,0,0,2,0,0,0,0,0,7,0,0,0,0,2,0,7,0,2,0,1,0,0,14,0,0,0,0
112haloboy@toast.ooo,33,0,1,0,0,5,1,21,7,4,1,1,20,12,92,9,0,0,0,0,65,8,53,8,0,1,1,0,30,7,9,23,0,3
Wiz@loli.church,36,0,0,0,0,0,0,0,0,0,0,0,0,0,0,0,0,0,0,0,0,0,0,0,0,0,0,0,0,0,0,0,0,0
mmagian@lemmings.world,0,0,0,0,0,0,0,0,0,0,0,0,0,0,0,0,0,0,0,0,0,2,0,0,0,0,0,0,0,0,0,0,0,0
RazZer0_@lemmy.ohaa.xyz,122,0,1,0,3,17,2,12,0,6,0,0,9,14,9,13,1,0,0,0,0,59,5,43,13,0,0,0,2,24,22,0,0,20
idealotus@lemmy.world,0,0,0,0,0,0,0,0,0,0,0,5,5,0,0,1,0,0,0,0,0,0,0,0,0,0,0,0,0,0,0,0,0,0
Ole@lemmy.ohaa.xyz,80,0,0,0,0,12,2,0,0,0,0,0,0,0,0,7,0,0,0,0,0,0,0,0,0,0,0,0,0,7,0,0,0,0
TehBamski@lemmy.world,18,0,0,0,0,62,0,0,0,0,0,0,0,0,0,0,0,0,0,0,0,0,0,164,0,0,0,0,0,151,57,170,0,0
Creativity@lemmy.zip,7,5,0,0,0,0,0,0,0,0,0,8,8,0,0,0,4,0,0,0,4,0,8,0,0,4,0,0,0,4,0,0,8,0
Amiciboy@lemmy.world,4,0,0,0,0,0,0,0,0,0,0,0,0,0,0,0,0,0,0,0,0,0,0,0,0,0,0,0,0,0,0,0,0,0
LinusLL@chaos.social,1,0,0,0,0,0,0,0,0,0,0,0,0,0,0,0,0,18,0,0,0,0,0,0,0,0,0,4,0,0,0,0,0,0
Lavenderpone@toast.ooo,0,0,0,0,11,0,0,0,0,0,0,0,0,0,0,0,0,0,0,0,0,0,0,0,3,0,0,0,0,0,0,0,0,0
tinchs@lemmy.world,0,0,0,0,4,0,0,0,0,0,0,0,0,0,0,0,0,0,0,0,0,0,0,0,0,0,0,0,0,0,0,0,0,0
Harbarbalar@sh.itjust.works,8,0,0,0,0,0,0,0,0,0,0,0,0,0,0,0,0,0,0,0,0,0,0,0,0,0,0,0,0,0,0,0,0,0
minoscopede@lemmy.world,7,0,0,0,0,7,0,0,0,0,0,0,0,0,0,0,0,0,0,0,0,0,0,0,0,0,0,7,0,0,0,0,0,0
lavvy13@lemmy.nz,179,0,0,0,63,0,0,0,82,6,0,0,0,0,0,2,98,0,0,0,0,0,44,0,0,0,0,0,0,0,0,0,0,0
FrederikNJS@lemmy.zip,52,0,0,0,0,13,0,0,0,0,0,0,0,0,0,0,0,0,0,0,0,0,0,0,0,0,0,0,0,0,0,0,0,0
interrobang@ohai.social,7,0,0,0,0,27,0,0,0,0,0,0,0,0,0,0,0,6,253,0,0,0,0,0,135,17,0,0,0,1,0,0,0,3
fubarx@lemmy.world,0,0,0,0,0,0,0,0,0,0,31,0,0,0,0,0,0,0,0,0,0,0,0,0,0,0,0,0,0,0,0,0,0,0
myusername@sopuli.xyz,79,0,12,0,1,169,0,0,0,0,12,17,603,0,0,0,26,1,12,1,37,26,271,14,0,0,22,26,0,11,10,11,0,3
Angry_Autist@lemmy.world,17,0,0,0,4,81,0,0,9,0,0,0,1,0,0,0,0,0,0,0,0,43,0,0,0,0,0,0,0,58,0,0,0,0
dotcross@toast.ooo,0,0,6,0,0,1,0,0,0,0,0,0,35,0,0,0,0,0,0,0,0,0,0,0,0,0,0,0,0,0,0,0,0,0
fxomt@lemmy.dbzer0.com,36,139,20,0,0,4,0,0,0,0,0,0,1,0,0,0,15,0,0,0,0,0,2,39,0,2,0,0,0,25,0,0,0,0
faladin@lemmy.world,0,0,0,0,0,0,0,0,0,0,0,0,0,0,0,0,0,7,0,0,0,0,0,0,0,0,0,0,0,0,0,0,0,0
Ragnaxy@feddit.org,218,2,185,4,11,15,3,25,24,30,2,33,71,100,9,44,17,54,9,27,41,28,3,46,78,3,37,94,2,4,19,3,32,39
leminaid@leminal.space,0,0,51,12,0,0,0,0,0,0,0,0,0,0,0,0,0,0,0,0,0,0,0,0,0,0,0,0,0,0,0,0,0,0
robocall@lemmy.world,0,0,0,0,0,0,0,0,0,0,0,0,0,0,0,0,0,0,0,0,0,0,0,0,0,0,0,0,0,0,0,0,0,12
boozs@feddit.org,4,0,0,0,0,0,0,0,0,0,0,0,2,0,0,0,0,0,0,0,0,0,0,0,0,0,0,0,0,1,0,0,0,0
Xatix@lemmy.world,4,0,0,0,1,2,0,0,0,0,0,0,24,7,0,0,0,0,0,0,0,0,31,0,0,0,0,0,0,9,0,0,0,12
desconectado@bolha.us,0,0,0,0,0,0,0,0,0,0,0,0,0,0,0,0,0,0,0,0,0,0,4,0,0,0,0,0,0,0,0,0,0,0
Shadow_Glider@equestria.social,283,10,0,0,50,108,0,0,0,0,14,0,345,5,75,180,451,42,82,76,452,274,1008,111,19,0,16,7,0,31,0,0,0,59
ace_garp@lemmy.world,7,1,1,0,0,22,0,0,0,0,0,0,0,0,0,0,0,0,0,0,0,0,0,1,0,0,0,0,0,7,0,0,0,0
Starf4rged@reddthat.com,5,0,0,0,0,3,0,0,0,0,0,0,0,0,0,0,0,0,0,0,0,0,0,0,0,0,0,0,0,0,0,0,0,0
Koei@lemmy.world,756,0,0,0,0,2,0,0,0,0,0,0,0,0,0,0,0,3,0,0,1,7,0,0,2,0,0,0,0,2,0,0,0,2
Someplaceunknown@leminal.space,55,5,4,0,4,9,2,0,0,0,2,0,5,2,0,0,0,4,36,1,0,279,16,7,11,2,8,303,0,2,0,0,0,0
Wild_Mastic@lemmy.world,0,0,0,0,0,2,0,0,0,0,0,0,0,0,0,0,0,0,0,0,0,0,0,0,0,0,0,0,0,0,0,0,0,0
MLM@feddit.org,19,0,0,0,0,4,0,0,0,0,1,0,0,0,1,0,0,0,0,0,0,1,0,0,1,0,1,1,1,5,0,0,0,0
apriori@grants.cafe,221,224,38,38,10,12,17,0,0,16,0,16,69,15,2,11,84,23,0,0,81,164,102,3,5,9,8,6,7,24,1,0,112,1
Kitsu@toast.ooo,1138,4,2,3,10,7,0,0,0,0,0,0,0,0,0,0,0,0,0,0,1,0,0,3,0,0,0,0,0,0,0,0,0,0
Funnytakemura@grants.cafe,9,0,0,0,0,1,0,0,0,0,10,0,0,0,0,0,0,0,0,0,0,4,0,0,0,0,0,0,0,8,7,1,0,14
Noriko@toast.ooo,373,4,0,0,0,0,0,0,0,0,0,0,45,0,0,0,0,0,0,0,0,0,0,0,0,0,0,0,0,0,0,0,0,0
rustyfemboy@lemmy.blahaj.zone,85,0,0,0,23,0,0,0,2,2,5,9,28,0,0,0,6,0,0,0,0,64,28,0,0,0,0,0,0,103,0,0,5,2
alk@mastodon.social,0,3,0,0,0,0,0,0,0,0,0,0,0,0,0,0,0,0,0,0,0,0,0,0,0,0,0,0,0,0,0,0,0,0
belluck@lemmy.blahaj.zone,0,0,0,0,0,0,0,0,0,0,0,0,0,0,0,0,0,0,0,0,0,0,0,0,0,0,0,0,0,3,0,0,0,0
skip0110@lemmy.zip,0,0,0,0,0,0,0,0,0,0,0,0,0,0,0,0,0,0,0,0,0,0,4,0,0,0,0,0,0,0,0,0,0,0
onnekas@sopuli.xyz,34,1,0,0,0,0,0,0,0,0,4,0,63,52,0,0,88,0,0,0,11,1,12,0,1,2,3,192,3,19,10,10,0,0
blamster19@programming.dev,0,0,0,0,0,0,0,0,0,0,0,7,0,0,0,0,77,0,0,0,0,0,0,0,0,0,0,0,0,0,0,0,0,0
WhatThaFudge@lemmy.world,0,0,0,0,0,2,0,0,0,0,0,0,0,0,0,0,0,0,0,0,0,0,0,0,7,0,0,0,0,0,0,0,0,1
weegee90@lemmy.world,0,0,0,0,0,3,0,0,0,0,0,28,0,0,0,0,0,0,0,0,0,0,0,0,7,0,0,1,0,0,0,31,0,0
WrittenInRed@lemmy.dbzer0.com,243,44,20,4,5,119,0,0,23,1,2,41,19,3,0,3,160,18,0,0,62,199,106,53,40,6,74,133,11,66,0,0,0,49
Maddier1993@programming.dev,0,0,0,0,0,0,0,0,0,0,0,0,0,0,0,0,0,0,0,1,0,0,0,0,0,1,1,0,0,0,0,0,0,0
Fortatech@gregtech.eu,2,0,0,0,26,13,0,0,0,15,0,4,0,0,0,0,5,0,0,0,4,49,45,75,0,0,0,0,35,17,28,82,0,0
mxeff@feddit.org,134,1,0,0,0,12,0,0,31,0,30,1,17,0,0,0,0,0,0,0,0,129,665,9,0,2,0,0,11,86,1,0,0,14
HKayn@lemmy.world,0,0,0,0,0,0,0,0,0,0,0,0,0,0,0,0,0,0,0,0,0,0,0,0,4,0,0,0,0,0,0,0,0,0
nebulaone@lemmy.world,6,0,0,0,0,0,0,0,0,0,0,0,0,0,0,0,0,0,0,0,0,0,0,0,0,0,0,0,0,0,0,0,0,0
Triadager@feddit.org,26,0,0,5,6,2,0,0,0,0,0,0,24,0,0,0,0,0,0,0,0,0,36,0,0,0,0,1,0,44,0,0,0,0
Struisvogel@lemmy.world,1,0,0,0,0,0,0,0,0,0,0,0,1,0,0,0,0,0,0,0,0,0,1,0,0,0,0,0,0,0,0,0,0,1
Coolkat@slrpnk.net,57,0,9,0,0,7,0,0,0,0,0,11,57,0,0,0,0,0,0,0,0,0,0,0,0,0,0,0,0,418,0,4,0,0
Havald@lemmy.world,0,0,0,0,0,0,0,0,0,0,0,0,0,0,0,0,0,0,0,0,0,0,0,0,0,0,0,0,0,1,0,0,0,0
Lampadaire_raclette@jlai.lu,1,0,0,0,0,0,0,0,0,0,0,0,0,0,0,0,0,0,0,0,0,0,0,0,0,0,0,0,0,0,0,0,0,0
Akemi@toast.ooo,297,0,0,0,0,0,0,0,0,0,0,0,45,0,0,0,0,0,0,0,0,0,0,0,0,0,0,0,0,0,0,0,0,0
AntiGuide@feddit.org,134,0,0,0,14,0,0,0,0,0,0,0,160,0,0,0,0,0,0,0,0,0,0,0,12,0,0,0,0,148,0,0,0,111
dseta@toast.ooo,9,0,2,0,3,124,0,0,0,0,0,0,0,0,0,0,0,0,0,0,0,0,0,0,0,0,0,0,0,0,0,0,0,0
april@donotsta.re,1,49,0,7,32,3,0,0,0,0,5,0,0,0,0,0,0,0,0,0,0,0,45,0,1,0,14,1,0,8,0,0,0,0
HonoraryMancunian@lemmy.world,2,0,0,0,0,1,0,0,0,0,0,0,0,0,0,0,0,0,0,0,0,0,0,0,0,0,0,0,0,0,0,0,0,0
SaneMartigan@aussie.zone,1,0,0,0,0,0,0,0,0,0,0,0,0,0,0,0,0,0,0,0,0,0,0,0,0,0,0,0,0,0,0,0,0,0
Manin96@toast.ooo,458,4,0,0,0,2,0,0,0,0,0,0,0,0,0,0,0,0,0,0,1,0,0,5,0,0,0,0,0,0,0,0,0,0
FreddyNO@lemmy.world,1,0,0,0,0,0,0,0,0,0,0,0,0,0,0,0,0,0,0,0,0,0,0,0,0,0,0,0,0,0,0,0,0,0
JFLennson@feddit.org,0,0,0,0,0,0,0,0,0,0,0,0,0,0,0,0,0,0,0,0,0,0,0,0,0,0,0,0,0,0,0,0,1,0
krafting@mamot.fr,0,3,0,0,0,0,0,0,0,0,0,0,0,0,0,0,0,0,0,0,0,0,0,0,0,0,0,0,0,0,0,0,0,0
Aesecakes@aussie.zone,0,0,0,0,8,17,12,2,2,3,0,5,88,3,0,0,0,0,0,0,0,0,6,0,0,0,0,30,29,230,104,0,0,3
Thronmandel@lemmy.world,4,4,1,3,23,0,0,0,0,0,1,9,15,11,0,0,0,0,0,0,0,0,3,0,128,42,35,0,0,0,0,0,0,1
Termiboros@lemmy.dbzer0.com,228,0,0,110,2,1,0,0,0,0,0,0,0,0,17,73,62,52,6,16,0,0,0,0,0,0,0,0,0,0,0,0,0,0
Nocuras@lemmy.world,0,0,0,0,0,0,0,0,0,0,0,0,3,0,0,0,0,0,0,0,0,0,0,0,0,0,0,0,0,0,0,0,0,0
Long_Way_Around@lemmy.world,2,0,0,0,0,0,0,0,0,0,0,0,3,0,0,0,0,0,0,0,0,0,1,0,0,0,0,0,0,1,0,0,0,0
gkaklas@lemmy.zip,31,0,9,20,42,63,0,0,0,0,0,0,0,0,69,4,4,0,0,0,0,0,0,0,0,0,0,0,0,0,0,0,0,0
FQQD@chaos.social,3,0,0,0,0,0,0,0,0,0,0,0,0,0,0,0,0,0,0,0,0,0,0,0,0,0,0,0,0,0,0,0,0,0
thru_dangers_untold@lemmy.world,0,0,0,11,7,0,0,0,0,0,0,0,0,0,0,0,0,0,0,0,0,0,0,0,0,0,0,0,0,0,0,0,0,0
Desso@lemmy.world,0,0,0,0,0,0,0,0,0,0,0,3,0,0,0,0,0,0,0,0,0,0,0,0,0,0,0,0,0,0,0,0,0,0
Schorsch@feddit.org,0,0,0,0,0,0,0,0,0,0,0,0,0,0,0,0,0,0,0,0,0,0,0,0,0,0,0,3,0,0,0,0,0,0
Hithroc@pony.social,1,0,0,0,0,6,0,0,0,0,0,10,1,16,4,0,0,0,0,0,0,0,26,0,112,0,0,22,25,0,0,0,0,51
gnu@lemmy.zip,15,20,3,0,0,27,0,0,1,2,0,3,9,0,0,0,50,7,1,0,92,1,145,0,0,0,0,0,0,160,0,0,0,0
Stanley@lemmy.world,0,0,0,0,0,0,0,0,0,0,0,0,0,0,0,0,0,0,0,0,0,0,19,0,0,0,0,0,0,0,0,0,0,0
SimplyEr1c@lemmy.world,18,0,12,1,0,0,0,12,0,0,0,1,3,0,0,16,43,0,0,0,14,2,0,0,17,0,2,18,0,15,2,18,0,25
bunnie@mas.to,61,28,61,10,65,18,0,22,0,0,51,55,66,25,55,75,36,18,35,9,269,194,218,47,125,220,240,111,70,39,78,9,3,33
MintyAnt@lemmy.world,0,0,0,0,0,3,0,0,0,0,0,0,0,0,0,0,0,0,0,0,0,0,0,0,0,0,0,0,0,0,0,0,0,0
Feddinat0r@feddit.org,139,0,0,0,0,10,1,22,0,0,0,0,122,0,0,0,0,0,0,0,0,0,0,0,0,0,0,0,0,284,0,0,0,0
Mephiro@mastodon.social,170,39,7,44,101,81,0,0,0,0,0,0,0,0,0,0,0,0,0,0,0,0,0,0,0,0,0,0,0,0,0,0,0,0
Cacktus@feddit.org,4,0,0,0,0,0,0,0,0,0,0,0,0,0,0,0,0,0,0,0,0,0,0,0,0,0,0,0,0,1,0,0,1,0
sam@bikersgo.social,0,0,0,0,0,9,0,0,0,0,0,5,0,0,0,0,0,0,0,0,0,3,0,0,0,0,0,0,1,0,0,0,0,0
pastasallad@lemmy.world,6,0,0,0,0,0,0,0,0,0,0,0,41,0,0,0,0,0,0,0,0,0,91,2,0,10,0,0,0,0,0,0,0,0
xeppaka@lemmy.world,0,0,0,0,0,0,0,0,0,0,0,0,0,0,0,0,0,0,0,0,0,0,0,0,0,0,1,0,0,0,0,0,0,0
CircaV@lemmy.ca,9,0,7,6,0,8,0,9,0,0,0,0,37,0,0,0,0,0,0,0,0,1,192,0,43,0,2,7,0,4,6,0,0,0
ldelriof@mastodon.social,0,2,0,0,0,0,0,0,0,0,0,0,0,0,0,0,0,0,0,0,0,0,0,0,0,0,0,0,0,0,0,0,0,0
Toz@toast.ooo,362,44,1608,4,28,96,1,0,0,0,24,10,43,25,0,0,180,20,3,0,30,154,214,2,0,10,20,5,18,191,7,0,0,19
Mari@lemmy.ml,94,1,0,0,0,25,0,0,0,0,0,0,0,0,0,0,0,0,0,0,58,24,1,0,0,0,0,37,0,2,0,0,0,1
bassomitron@lemmy.world,0,0,2,3,3,1,0,0,0,0,0,0,0,0,0,0,0,0,0,0,0,0,0,0,0,0,0,0,0,0,0,0,0,0
AtoMops@feddit.org,105,0,0,0,0,0,0,0,0,0,0,1,152,0,0,0,58,0,0,0,0,0,20,2,0,0,0,0,2,101,0,0,0,120
v_raton@fosstodon.org,0,0,0,0,0,0,0,0,0,0,0,0,0,0,0,0,0,0,0,1,0,0,0,0,0,0,0,0,0,0,0,0,0,0
sichkovskyi@social.noleron.com,15,0,0,0,0,3,0,0,0,0,0,0,0,0,0,0,0,0,0,0,0,5,0,0,0,0,0,0,0,0,0,0,0,0
transebding_the_binary@lemmy.blahaj.zone,8,0,0,0,0,0,0,0,0,0,0,0,5,0,0,0,0,0,0,0,0,0,0,0,5,0,0,3,0,0,0,0,0,0
Mrnobody2025@lemmy.world,0,0,0,0,0,0,0,0,0,0,0,0,0,0,0,0,0,0,0,0,0,5,3,0,0,0,0,0,0,2,0,0,0,0
fuck_u_spez_in_particular@lemmy.world,0,0,0,0,0,0,0,0,0,0,0,0,0,0,0,0,0,0,0,0,58,0,0,0,0,0,0,0,0,0,0,0,0,0
zichy@mastodon.social,0,0,0,0,0,13,0,0,0,0,0,0,0,4,0,0,0,0,0,0,0,0,0,0,18,13,18,65,0,23,0,0,0,22
AceSLive@lemmy.world,2,0,0,0,0,0,0,0,0,0,0,0,32,0,0,0,0,0,0,0,0,0,1,0,0,0,0,0,0,0,0,33,0,0
kotge@mastodon.social,43,0,0,0,119,430,0,0,0,0,0,0,0,0,0,0,0,0,0,0,0,0,0,0,0,0,0,0,0,0,0,0,0,0
fynn@cuties.social,0,0,0,0,0,0,0,0,0,0,0,0,0,0,0,0,0,0,0,0,0,8,0,4,0,0,0,0,3,0,0,0,0,0
torres@lemmy.world,3,3,0,0,18,1,0,0,0,0,4,0,4,0,0,1,0,0,0,0,0,19,0,0,0,0,0,1,0,0,0,0,0,0
Rogue_Moo@lemmynsfw.com,7,0,0,0,0,0,0,0,0,0,0,0,0,0,0,0,0,0,0,0,530,7,0,0,5,0,0,0,0,0,0,0,0,24
Scotty_Trees@lemmy.world,0,0,0,8,1,0,0,0,0,0,0,0,0,0,0,0,0,0,0,0,0,0,1,0,0,0,0,0,0,0,0,0,0,0
Sravoryk@jlai.lu,36,3,10,38,31,21,6,5,15,20,0,0,0,0,0,0,0,0,0,0,0,0,0,0,0,0,0,0,0,6,1,0,20,0
gorkur@lemmy.world,82,0,0,0,0,2,0,0,0,0,0,0,65,0,0,0,0,0,0,0,0,0,0,0,0,0,0,0,0,0,0,0,0,0
CrimeaHat@lemmy.world,0,0,0,0,0,11,0,0,0,0,0,0,0,0,0,0,0,0,0,0,0,51,145,0,0,0,0,0,0,0,0,0,0,0
DasLaboratorium@feddit.org,0,0,0,0,0,0,0,0,0,0,10,0,11,0,0,0,0,0,0,0,0,0,0,0,0,0,0,0,0,26,0,0,0,107
Rose@lemmy.zip,643,7,47,94,39,27,4,18,16,77,12,0,29,446,0,45,286,17,0,0,280,0,42,36,0,11,0,0,4,37,2,0,304,2
marius851000@mariusdavid.fr,315,32,91,57,60,176,32,78,33,21,79,139,161,96,119,157,108,36,5,5,147,36,184,144,447,101,215,169,41,181,101,15,0,268
inbeesee@lemmy.world,23,0,0,0,0,13,17,0,0,0,13,5,28,5,0,0,0,0,0,0,0,2,1,0,0,0,0,0,0,0,0,0,0,0
technopagan@lemmy.world,229,0,0,0,0,0,0,0,0,0,0,0,0,0,0,0,0,0,0,0,0,0,0,0,0,0,0,0,0,0,0,0,0,0
xantater@fbsweb.de,22,29,0,0,1,30,0,0,0,0,0,20,11,15,0,0,17,0,0,0,0,0,7,3,0,0,0,9,0,48,0,0,0,3
Markus29@feddit.nl,0,0,0,0,0,0,0,0,0,0,0,0,0,0,0,0,0,0,0,0,0,0,0,0,1,4,0,0,0,0,0,0,0,1
DmMacniel@feddit.org,606,249,8,157,26,33,95,21,0,0,113,10,524,32,0,5,77,0,16,19,25,178,153,30,143,47,55,64,41,377,75,5,0,294
Mithre@lemmy.world,94,1,0,84,0,6,0,0,0,0,0,0,98,0,0,0,0,0,0,0,0,0,1,0,0,0,3,3,0,96,0,0,0,0
zen@social.net.ua,0,5,0,0,0,0,0,0,0,0,0,0,0,0,0,0,0,0,0,0,0,0,0,0,0,0,0,0,0,0,0,0,0,0
psoul@sfba.social,70,1,0,3,12,35,279,67,47,34,0,0,1,27,0,0,0,0,0,0,1,0,38,0,0,0,0,0,5,93,0,0,1,12
dropdan@tech.lgbt,0,0,0,0,0,0,0,0,0,0,0,0,0,0,0,0,0,0,0,0,0,0,0,0,0,0,0,0,0,0,0,0,0,12
Nfamwap@lemmy.world,7,0,0,0,0,0,0,0,0,0,0,0,0,0,0,0,0,0,0,0,0,0,0,0,0,0,0,0,0,2,0,3,0,0
orangerobot@grants.cafe,313,160,8,62,260,1843,0,0,0,0,0,0,0,0,0,0,0,0,0,0,0,0,0,0,0,0,0,0,0,0,0,0,0,0
SloppyJoe@toast.ooo,0,0,0,42,0,1,0,0,7,0,16,0,5,0,0,6,0,28,0,0,0,0,23,7,0,105,0,0,0,6,0,5,0,0
Yonot11@toast.ooo,189,0,0,0,4,0,0,0,0,0,0,0,47,0,0,0,0,0,0,0,0,0,0,0,0,0,0,0,0,0,0,0,0,0
Lfrith@lemmy.ca,0,0,0,0,0,1,0,0,8,0,0,0,2,0,0,0,0,0,0,0,0,0,4,0,10,2,2,0,0,0,1,0,0,0
JLau@lemmy.world,30,0,0,0,0,13,0,0,0,0,0,0,0,0,0,0,0,0,0,0,0,0,174,4,0,0,0,0,0,90,0,0,0,0
andMoonsValue@lemmy.world,0,0,0,0,0,2,0,0,0,0,0,0,0,0,0,0,0,0,0,0,0,59,0,0,0,0,0,0,0,0,0,0,0,0
Squishy@toast.ooo,987,0,35,34,1,33,0,0,0,0,0,0,0,0,4,1,0,0,0,0,0,3,7,46,0,0,0,0,0,17,0,0,0,0
alt_xa_23@lemmy.world,0,0,0,0,0,0,0,0,0,0,0,0,0,0,0,0,0,0,0,0,0,3,0,0,0,0,0,0,0,0,0,0,0,9
xior112@fosstodon.org,10,0,0,0,0,0,0,0,0,0,0,0,0,0,0,0,0,0,0,0,0,0,43,0,0,0,0,0,0,0,0,0,0,0
tburkhol@mastodon.social,0,0,0,0,0,0,0,0,0,0,0,0,0,0,0,0,0,0,0,0,0,1,0,0,2,0,0,0,0,0,0,0,0,0
Sackeshi@lemmy.world,119,33,18,17,18,575,0,0,0,8,0,13,198,0,0,4,137,3,0,0,41,115,100,65,0,4,0,0,21,471,4,0,0,0
RodrigoKT@toast.ooo,481,2,2,2,0,3,0,0,0,0,0,0,38,0,0,0,0,0,0,0,0,0,0,0,0,0,0,0,0,0,0,0,0,0
zkfcfbzr@lemmy.world,325,6,9,19,65,243,0,0,0,1,6,41,39,0,2,12,24,0,0,0,40,581,28,6,0,0,6,0,0,41,0,313,0,37
nave@lemmy.ca,0,0,0,0,0,0,0,0,0,0,0,0,1,0,0,0,0,0,0,0,0,0,0,0,0,0,0,0,0,0,0,0,0,0
Kotario@lemmynsfw.com,0,0,0,0,0,0,0,0,0,0,0,0,3,0,0,0,0,0,0,0,0,0,0,0,0,0,0,0,0,0,0,0,0,0
virku@lemmy.world,1,0,0,0,0,0,0,0,0,0,0,0,0,0,0,0,0,0,0,0,0,0,0,0,0,0,0,0,0,0,0,84,0,0
moonleay@feddit.org,0,0,0,0,0,0,0,0,0,2,0,0,0,0,0,0,0,0,0,0,0,46,0,0,0,0,0,0,0,0,0,0,0,0
Snejp@lemmy.world,0,0,0,0,0,0,0,0,0,0,0,0,2,0,0,0,0,0,0,0,0,0,0,0,0,0,0,0,0,0,0,0,0,0
rhelawyn@lemmy.world,0,0,0,0,0,0,0,0,0,0,0,0,0,0,0,0,0,0,0,0,0,0,0,0,0,0,0,0,0,6,0,3,0,0
cybernoid@mastodon.social,7,0,1,10,10,0,0,0,0,0,0,0,1,0,0,0,0,0,0,0,0,10,9,2,5,0,8,0,3,0,0,0,0,4
cybermuell@layer8.space,0,0,0,0,0,0,0,0,0,0,0,0,3,0,0,0,0,0,0,0,0,1,0,0,0,0,0,0,0,0,0,0,0,0
Pedromakas@grants.cafe,0,0,0,0,0,0,0,0,0,0,0,0,0,0,0,0,0,0,0,46,0,0,0,0,0,0,0,0,0,0,0,0,0,0
MJKee9@lemmy.world,0,2,0,0,0,0,0,0,0,0,0,0,0,0,0,0,0,0,0,0,0,0,0,0,0,0,0,0,0,0,0,0,0,0
CuriousBear@lemmy.world,0,0,0,0,0,0,0,0,0,0,0,0,0,0,0,0,0,0,0,0,1,0,0,0,0,0,0,0,0,0,0,0,0,0
ketseki@lemmy.world,2,0,0,0,0,0,0,0,0,0,0,0,0,0,0,0,0,0,0,0,0,0,0,0,0,0,0,0,0,0,0,0,0,0
batist@lemmy.world,0,0,0,2,0,0,0,0,0,0,0,0,0,0,0,0,0,0,0,0,0,0,0,0,0,0,0,0,0,0,0,0,0,0
lanmam@toast.ooo,7,0,0,0,0,0,0,0,0,0,0,0,45,0,0,0,0,0,0,0,0,0,0,0,0,0,0,0,0,0,0,0,0,0
TheOneAndOnly@lemmy.world,0,0,0,0,0,14,0,0,0,0,0,0,0,0,0,0,0,0,0,0,0,0,0,8,0,0,0,0,0,1,1,0,0,0
thejackimonster@wehavecookies.social,26,0,0,0,0,0,0,0,0,0,0,0,7,0,0,0,0,0,0,0,0,0,14,0,0,0,0,0,0,16,0,0,0,0
DF3LX@social.darc.de,0,0,0,0,0,0,0,0,0,0,0,0,1,0,0,0,0,0,0,0,0,0,0,0,0,0,0,0,0,0,0,0,0,0
Marialla@toast.ooo,414,2,2,0,0,2,0,0,0,0,0,0,45,0,0,0,0,0,0,0,0,0,0,3,0,0,0,0,0,0,0,0,0,0
Havatra@lemmy.zip,147,0,0,1,3,79,4,0,0,18,0,0,0,0,0,0,24,0,0,0,0,7,79,0,0,0,0,0,0,46,9,0,0,0
Horse@lemmygrad.ml,147,0,0,1,173,0,0,0,0,0,2,0,5,0,2,0,0,0,0,0,0,57,17,0,0,2,0,5,0,4,0,0,0,4
Takapapatapaka@lemmy.world,67,5,2,1,1,1,0,0,1,0,0,0,0,0,0,5,0,0,0,0,0,0,0,0,20,6,0,0,0,31,0,2,4,0
epicshepich@programming.dev,0,0,0,0,0,0,0,0,0,0,0,0,0,0,0,0,0,0,0,0,0,18,0,0,0,0,0,0,0,0,0,0,0,0
kureta@lemmy.ml,2,0,0,0,0,0,0,0,0,0,0,0,0,0,0,0,0,0,0,0,0,0,0,0,0,0,0,0,0,0,0,0,0,0
debil@lemmy.world,40,0,5,0,0,1,0,0,0,0,0,0,0,0,0,2,0,0,0,0,0,0,0,0,0,0,0,0,0,85,0,0,0,0
Ziggurat@jlai.lu,0,0,0,0,0,0,0,0,0,0,0,0,0,0,0,1,0,0,0,0,0,0,0,0,0,0,0,0,0,0,0,0,0,0
octoham@lemmy.world,0,0,3,0,30,5,0,0,0,0,0,0,0,0,0,0,0,0,0,0,0,88,16,0,6,0,22,88,0,31,0,0,0,0
SpaceScotsman@startrek.website,0,0,0,0,0,0,0,0,0,0,0,0,0,0,0,0,0,0,0,0,0,0,0,0,0,1,0,0,0,0,0,0,0,0
Linsensuppe@feddit.org,0,0,0,0,0,0,0,0,0,0,22,0,0,6,0,7,0,0,0,0,0,0,0,0,0,0,0,0,0,13,0,0,0,0
asudox@lemmy.asudox.dev,255,50,28,41,16,38,5,0,0,10,7,0,61,38,2,3,3,0,0,0,5,15,84,0,0,4,0,2,1,33,1,0,16,0
Orangerot@discuss.tchncs.de,0,0,0,0,0,0,0,0,0,0,0,0,2,0,0,0,0,0,0,0,0,0,0,0,0,0,0,0,0,0,0,0,0,0
shiyata@todon.nl,0,0,0,0,0,0,0,0,0,0,0,0,0,0,0,0,0,0,0,0,0,0,0,9,0,0,0,0,0,0,0,0,0,0
luce@lemmy.blahaj.zone,0,0,0,0,0,0,0,0,0,0,0,0,0,0,0,0,0,0,0,0,0,0,0,0,0,0,0,9,0,0,0,0,0,0
sjkhgsi@lemmy.world,0,0,0,0,0,0,0,0,0,0,0,0,0,0,0,0,0,0,0,0,0,0,0,0,0,0,0,0,0,0,0,3,0,0
Romkslrqusz@lemmy.zip,0,0,0,0,0,0,0,0,0,0,0,0,0,0,0,0,0,0,0,0,0,0,0,0,0,0,0,0,0,0,0,2,0,0
quatschkopf43@feddit.org,4,0,0,0,0,2,0,0,0,0,0,0,26,0,0,0,11,0,0,0,0,0,0,0,0,0,0,0,0,155,0,0,0,0
schnurrito@discuss.tchncs.de,0,0,0,0,0,123,0,0,0,0,0,0,0,0,0,0,29,395,0,0,0,0,0,0,0,0,0,0,0,0,0,0,0,0
houdini_splicer@lemmy.ca,0,0,0,0,0,0,0,0,0,0,0,0,1,0,0,0,4,0,0,0,0,0,4,0,0,0,0,0,0,0,0,0,0,6
CJp4rker@feddit.org,0,0,0,0,0,0,0,0,0,0,0,0,0,0,0,0,0,0,0,0,0,0,3,0,0,0,0,0,0,0,0,0,0,0
Triplef@feddit.org,0,0,0,0,0,0,0,0,0,0,0,0,82,0,0,0,0,0,0,0,0,0,0,0,0,0,0,0,0,58,0,0,0,0
TeleportBread@toast.ooo,49,5,23,63,117,213,0,0,0,0,0,0,0,7,0,0,0,0,0,0,0,0,0,0,0,0,0,0,0,0,0,0,0,0
slpk@lemmy.world,0,0,0,0,0,1,0,0,0,0,0,0,45,0,0,0,0,0,0,0,0,0,0,0,0,0,0,0,0,11,0,0,0,0
Solely_a_Catt@programming.dev,21,0,0,0,0,0,0,0,0,0,0,0,0,0,0,0,0,0,0,0,0,0,0,0,0,0,0,0,0,0,0,0,0,5
shiva@bytes.programming.dev,25,67,86,30,15,36,130,10,17,50,8,3,4,0,0,1,3,120,34,23,17,24,0,0,7,5,0,2,0,7,45,0,49,2
5714@lemmy.dbzer0.com,0,0,0,0,0,0,0,0,0,0,0,0,0,0,0,0,0,0,0,0,0,0,0,0,0,0,0,0,0,12,0,0,0,0
CPU_Blanc@programming.dev,51,28,0,0,81,437,0,0,0,0,0,0,0,0,0,0,0,0,0,0,0,0,0,0,0,0,0,0,0,0,0,0,0,0
green_copper@lemmy.world,818,236,44,595,20,56,137,16,406,80,0,10,133,12,18,77,9,37,0,0,365,141,324,458,0,0,1,18,0,39,8,1,17,0
Kirbo@lemmy.ml,2,0,0,0,0,0,39,19,77,15,0,2,9,1,0,0,86,3,0,0,0,0,0,0,0,0,0,6,0,3,0,0,28,0
s1gtrap@lemmy.world,0,0,0,0,0,0,0,0,0,0,0,0,0,0,0,0,0,0,0,0,0,0,0,0,0,0,0,0,0,56,0,0,0,0
KokoSabreScruffy@lemmy.world,450,60,11,4,66,58,7,10,2,11,2,1,82,5,0,7,9,23,13,11,8,48,18,11,26,0,11,309,4,204,20,8,6,48
Whitebrow@lemmy.world,0,0,0,0,0,16,0,0,7,0,0,0,0,0,0,0,0,0,0,0,0,0,36,0,120,0,0,0,0,0,0,0,0,0
Friendly@lemmy.world,22,0,0,0,0,3,0,0,0,0,0,0,0,0,0,0,7,7,0,0,0,0,0,0,0,0,0,0,0,0,0,0,0,0
Laku@toast.ooo,0,0,0,0,46,101,0,0,0,0,0,0,0,0,0,0,0,0,0,0,0,0,0,0,0,0,0,0,0,0,0,0,0,0
bvoigtlaender@feddit.org,22,0,0,1,0,1,38,0,0,67,196,0,14,0,0,0,0,0,0,0,0,0,0,0,2,0,0,0,0,36,1,25,0,0
lemmyartistforhire@lemmy.world,35,31,59,44,33,162,1,9,68,42,0,0,7,0,0,5,5,2,4,0,0,4,11,0,0,0,0,0,19,139,41,23,0,0
RmDebArc_5@feddit.org,0,0,0,0,0,0,0,0,0,0,0,0,0,0,0,0,0,0,0,0,0,0,0,0,0,0,0,0,0,2,0,0,0,0
4Robato@lemmy.world,4,0,0,0,0,0,0,0,0,0,0,0,0,0,0,0,0,0,0,0,0,6,0,0,0,0,0,0,0,2,0,0,0,0
zarniwoop@lemmy.dbzer0.com,0,0,0,0,0,0,0,0,0,0,0,0,0,0,0,0,0,0,0,0,0,0,1,0,0,0,0,0,0,0,0,0,0,0
Antagnostic@lemmy.world,7,0,7,0,7,0,0,0,0,0,5,0,2,0,0,3,0,0,0,0,15,5,1,0,7,0,0,32,0,8,0,0,0,7
Zwrt@lemmy.sdf.org,137,0,0,0,22,60,0,0,0,0,0,13,58,172,0,0,2,2,0,0,47,2,0,7,0,0,2,6,0,65,0,0,0,6
nick@donotsta.re,42,0,0,0,0,17,0,0,0,0,7,6,21,1,1,1,1,1,1,1,0,51,0,84,0,0,5,0,55,46,1,1,0,0
TheFogan@programming.dev,0,0,0,0,0,0,0,0,0,0,0,0,0,0,0,0,0,0,0,0,0,0,0,0,0,0,0,7,0,0,0,0,0,0
cole@lemdro.id,0,0,0,0,0,0,0,0,1,0,0,0,6,0,0,0,0,0,0,0,0,0,0,0,0,0,0,0,0,0,0,0,0,0
Melchior@feddit.org,0,0,0,0,0,0,0,0,0,0,104,0,85,0,0,0,21,2,0,0,0,0,0,0,0,0,0,0,0,75,0,0,0,0
filleo@infosec.pub,20,0,0,0,0,0,0,0,0,0,0,0,0,0,0,0,0,0,0,0,0,0,0,0,0,0,0,0,0,0,0,0,0,0
oha@chaos.social,94,3,0,0,0,31,0,0,0,0,0,0,25,4,0,0,0,0,0,0,0,8,60,8,7,0,0,0,0,39,0,0,0,23
chrisbit@leminal.space,0,0,205,17,0,2,0,0,0,0,0,0,0,0,0,0,2,0,0,0,0,18,0,0,0,0,128,13,0,0,0,0,0,0
justlonelythings@mastodon.social,1,0,0,0,0,17,0,0,0,0,0,0,0,0,0,0,0,0,0,0,0,0,0,0,0,0,0,0,0,0,0,0,0,0
o7moon@sh.itjust.works,37,0,0,0,0,5,0,0,0,0,0,95,3,0,0,0,0,0,0,0,0,0,0,0,0,0,0,0,0,0,0,0,0,0
UnnamedGuy@lemmy.world,0,0,0,0,0,0,0,0,0,0,0,0,7,0,0,0,0,0,0,0,0,0,0,0,0,0,0,0,0,0,0,0,0,0
Nati_Chan@lemmy.world,215,0,24,0,0,0,26,0,0,105,21,0,29,133,0,0,15,0,0,0,0,42,0,0,3,0,0,0,0,42,0,0,0,0
EscapedMoss@lemmy.blahaj.zone,16,0,3,0,26,5,0,0,0,0,3,0,50,0,0,0,0,0,0,0,55,3,1,0,0,2,0,87,0,12,0,0,0,59
mik@fbsweb.de,94,56,23,0,0,38,0,0,0,20,0,0,209,0,0,0,39,0,0,0,2,8,11,0,14,0,0,0,1,15,0,0,31,0
Zehfix@feddit.org,0,0,0,0,0,0,0,0,0,27,0,0,8,0,0,0,0,0,0,0,0,0,0,0,0,0,0,0,0,18,0,0,0,0
Lualt@mastodon.world,0,0,0,0,0,0,0,0,0,0,0,0,0,0,0,0,0,0,0,0,0,0,0,0,0,0,0,1,0,0,0,0,0,0
Bman915@lemmy.world,0,0,0,0,0,0,0,0,0,0,0,0,0,0,0,0,0,0,0,0,0,0,0,4,0,0,0,0,0,20,2,0,0,0
razer@toast.ooo,44,0,2,4,4,85,7,6,0,0,0,7,5,0,0,0,0,2,0,0,63,11,62,0,0,1,0,44,16,1,1,29,0,6
Buddahriffic@lemmy.world,0,0,0,0,0,0,0,0,0,0,0,0,0,0,0,0,0,0,0,0,0,0,0,0,0,0,0,3,0,52,0,0,0,0
XelaMelt@lemmy.world,87,0,0,0,0,0,0,0,0,0,0,0,0,0,0,0,0,0,0,0,0,0,0,7,0,0,0,0,0,0,0,0,0,0
prenatal_confusion@feddit.org,0,0,0,0,0,6,0,0,0,0,0,0,0,71,0,0,0,0,0,0,0,0,9,0,0,0,0,0,0,0,0,0,0,0
loppermann@niyawe.de,0,0,2,0,0,3,0,0,0,0,5,0,0,0,0,0,0,0,0,0,0,0,0,0,0,0,0,0,0,1,0,0,0,0
CallMePlayer@norcal.social,0,0,0,0,0,0,0,0,0,0,1,7,1,0,0,0,0,0,0,0,0,0,0,0,0,0,0,0,0,0,0,0,0,0
Batadon@feddit.org,0,0,0,0,0,0,0,0,0,0,0,0,0,0,0,0,0,0,0,0,0,0,0,0,0,0,0,0,0,0,0,0,0,3
kokomo@lemmy.kokomo.cloud,0,0,0,0,0,0,0,0,0,0,0,0,3,3,0,8,0,0,0,0,0,6,0,0,0,0,0,0,0,0,0,0,0,60
gabboman@app.wafrn.net,0,0,0,0,0,0,0,0,0,0,0,0,0,0,0,0,0,0,0,0,0,0,1,1,0,0,0,0,0,0,0,0,0,0
eva_sieve@lemmy.world,0,0,0,0,0,0,0,0,0,0,0,0,0,0,0,0,0,0,0,0,0,0,2,0,0,0,0,6,0,1,0,0,0,0
cryptagion@unwilling.observer,0,0,0,0,0,0,0,0,0,0,0,0,0,0,0,0,6,0,0,0,0,0,0,0,0,0,0,0,0,0,0,0,0,0
kiki@shellfish.racing,150,9,9,0,0,6,0,0,0,0,9,0,7,71,9,4,8,39,276,0,0,1,10,0,1,7,0,1,100,53,1,0,0,6
invidious_user@kif.rocks,0,0,0,0,0,0,0,0,0,0,0,0,0,0,0,0,1,0,0,0,0,0,0,0,0,0,0,0,0,0,0,0,0,15
VeryInterestingTable@jlai.lu,0,0,0,0,0,0,0,0,0,0,0,0,1,0,0,0,0,0,0,0,0,0,85,0,0,0,0,0,0,0,0,0,0,0
D_a_X@feddit.org,0,0,0,0,1,18,0,0,0,0,0,0,45,0,0,0,5,0,0,0,0,0,0,0,0,0,0,0,0,0,0,0,0,3
blinry@chaos.social,32,4,0,27,4,8,0,0,0,0,0,0,10,0,0,0,0,1,0,4,2,2,34,7,0,0,0,0,0,0,0,0,0,0
shadowwwind@fosstodon.org,0,0,0,0,0,0,0,0,0,0,0,0,0,0,0,0,0,0,63,0,0,44,16,45,0,0,0,46,0,21,0,0,0,52
wollekopf@digitalcourage.social,0,0,0,0,0,0,0,0,0,0,0,0,0,0,0,0,0,0,0,0,0,0,0,0,0,0,0,0,0,8,0,0,0,0
js@snac.lab8.cz,28,6,0,0,1,38,0,0,0,0,0,0,0,24,14,4,0,15,0,0,23,12,0,0,0,0,1,36,0,11,0,0,0,28
Kurkiaurajuusto@lemmy.world,97,20,0,0,0,0,0,0,0,0,0,0,0,0,0,0,0,0,0,0,0,0,0,0,0,0,0,0,0,0,0,0,0,0
myaskolmao@shkey.cakestwix.com,0,0,0,0,0,0,0,0,0,0,0,0,0,0,0,0,0,0,0,0,0,0,0,0,0,0,0,0,0,0,0,0,0,6
Chiiirps@mastodon.social,40,0,0,0,7,0,0,0,0,0,0,0,0,0,0,0,0,0,0,0,0,0,0,0,0,0,0,0,0,0,7,0,0,0
1stQ@feddit.org,71,64,56,275,351,8,0,0,0,0,14,0,16,0,0,0,0,6,0,0,21,4,2,0,0,0,0,0,24,32,0,11,0,0
valgarf@discuss.tchncs.de,8,0,0,0,0,0,0,0,0,0,70,0,0,0,0,0,0,0,0,0,0,0,0,0,0,0,0,0,0,8,0,0,0,0
neidu3@sh.itjust.works,0,0,0,0,7,16,0,0,0,0,0,0,0,0,0,0,0,0,0,0,0,0,218,10,0,0,0,0,0,43,2,0,0,0
jajcus@pol.social,0,0,0,0,0,0,1,0,0,0,0,0,0,0,0,0,0,0,0,0,0,0,0,0,0,0,0,0,0,0,0,0,0,0
vanvan@toast.ooo,7,0,0,0,0,0,0,0,0,0,0,0,45,0,0,0,0,0,0,0,0,0,0,0,0,0,0,0,0,0,0,0,0,0
Valar_Morghulis@jlai.lu,0,0,0,0,0,0,0,0,0,0,0,0,0,0,0,0,0,0,0,0,0,0,1,0,0,0,0,0,0,0,0,0,0,0
MrChickn@mastodon.social,176,59,79,1,116,134,8,2,0,14,22,6,203,75,0,0,3,0,340,0,23,81,27,18,15,0,11,0,37,17,82,3,2,6
Deno@lemmy.world,0,0,0,1,0,0,0,0,0,0,0,0,0,0,0,0,0,0,0,0,0,0,0,0,0,0,0,0,0,0,0,0,0,0
jmeulie@lemmy.world,0,0,0,0,0,0,0,0,0,0,0,0,0,0,0,0,0,0,0,0,0,0,3,0,0,0,0,0,0,0,0,0,0,0
Lumidaub@feddit.org,155,0,0,8,125,113,15,4,4,4,17,19,133,30,23,5,32,6,4,17,103,56,640,136,13,4,16,4,1,63,4,3,0,130
Tarogar@feddit.org,0,0,0,0,0,0,0,0,0,0,0,0,0,0,0,0,0,0,0,0,0,0,0,0,0,0,0,0,0,0,0,0,0,2
badcommandorfilename@lemmy.world,1,0,0,0,0,2,0,0,0,0,16,0,0,0,0,0,0,0,0,0,0,0,78,3,0,0,0,0,0,0,0,0,0,0
Epzillon@lemmy.world,0,0,0,0,0,0,0,0,0,0,0,0,0,0,0,0,0,0,0,0,0,0,2,0,0,0,0,0,0,0,0,0,0,0
asterisk@feddit.uk,0,0,0,2,0,0,0,0,0,0,0,0,0,0,0,0,0,0,0,0,0,0,0,0,0,0,0,0,0,0,0,0,0,0
TheLeadenSea@sh.itjust.works,0,0,0,0,0,5,0,0,0,0,0,0,0,0,0,0,0,0,0,0,0,0,0,31,0,6,0,1,0,0,0,0,0,0
eggg@hachyderm.io,2,0,0,0,0,2,0,0,0,0,0,0,2,0,0,0,0,0,0,0,0,0,0,0,0,0,0,0,0,2,0,0,0,0
y0kai@lemmy.dbzer0.com,58,0,0,0,0,2,0,0,0,0,0,0,0,0,0,0,0,0,0,0,0,0,0,0,0,0,0,0,0,0,0,0,0,0
absurd@lemmy.zip,4,0,0,0,0,0,0,0,0,0,0,0,0,0,0,0,0,0,0,0,0,0,0,0,0,0,0,0,0,0,0,0,0,4
grozzle@lemmy.zip,61,1,23,17,62,103,0,0,40,6,8,30,18,0,8,9,11,18,0,0,36,0,359,3,5,2,0,17,1,343,12,16,0,2
prahou@merveilles.town,24,4,0,0,0,26,0,0,0,0,0,0,0,21,5,0,0,2,0,0,21,16,0,0,0,0,0,0,0,12,0,0,0,28
anghenfil@chaos.social,0,79,0,0,0,0,0,0,0,0,0,0,0,0,0,0,0,0,0,0,0,0,0,0,0,0,0,0,0,4,0,0,0,2
ellyponey@equestria.social,87,0,0,0,0,161,0,0,0,0,0,0,0,0,0,0,0,0,0,0,5,0,0,1,0,0,0,0,0,0,0,0,0,0
sunglocto@lemmy.dbzer0.com,11,0,0,0,0,0,0,0,0,0,0,0,0,0,0,0,0,0,0,0,62,17,2,0,0,0,0,0,0,0,0,0,0,0
piko@chaos.social,20,25,95,185,71,1,0,0,0,0,16,0,43,0,0,0,4,0,6,0,16,30,157,0,0,0,0,26,0,0,0,0,0,0
holyme@pone.social,0,0,0,0,0,0,0,0,0,0,0,0,36,0,0,0,0,0,0,0,0,0,31,0,0,0,0,0,0,0,0,0,0,0
jjmoldy@lemmy.world,65,0,0,0,0,16,0,0,0,0,0,0,0,0,41,0,0,0,0,0,0,0,0,0,0,0,0,0,0,0,0,0,0,0
meniou@piaille.fr,0,0,0,0,0,0,0,0,0,0,0,0,0,0,0,0,0,0,0,0,2,0,1,0,0,0,0,0,0,0,0,0,0,0
sunred@fro.ge,0,0,0,0,0,1,0,0,0,0,0,0,0,0,0,0,0,0,0,0,0,1,0,0,0,0,0,0,0,13,0,0,0,0
domstoppable@programming.dev,0,0,0,0,0,0,0,0,0,0,0,0,0,0,0,0,9,0,0,0,0,0,12,0,0,0,0,0,0,0,0,0,0,0
wintergala@equestria.social,1,0,3,3,3,17,0,6,4,2,0,13,1,7,5,0,4,0,0,1,125,1,0,0,32,0,6,8,0,0,0,0,0,22
OhioComrade@lemmy.ml,0,0,0,0,0,0,0,0,0,0,0,0,0,0,0,0,0,0,0,0,0,0,0,0,0,0,0,0,0,6,0,0,0,0
brambleshadow4@equestria.social,0,0,0,0,0,0,0,0,0,0,0,0,9,14,22,0,0,0,0,0,0,5,0,0,8,0,1,96,0,0,0,0,0,16
chelatna@sh.itjust.works,0,0,0,0,0,0,0,32,0,0,0,1,0,0,0,0,0,0,0,0,8,0,0,0,1,13,0,17,0,0,0,0,1,0
Juno@lemmy.world,5,0,0,0,0,22,0,0,0,0,0,0,0,5,0,0,0,0,0,0,0,0,136,0,0,0,0,0,0,33,0,0,0,0
60sBrony@equestria.social,0,0,0,0,0,0,0,0,0,0,0,0,4,0,0,0,0,0,0,0,0,0,0,0,22,0,1,0,0,0,0,0,0,4
MintyFresh@lemmy.world,0,0,0,0,0,0,0,0,0,0,0,0,8,0,7,0,0,0,0,0,0,0,0,0,0,0,0,0,0,0,0,0,0,0
mateuszsc@101010.pl,1,0,0,0,0,12,0,0,0,0,8,2,1,0,0,0,0,0,0,0,23,2,119,0,47,0,0,0,0,0,0,0,0,0
focusturtle@lemmy.sdf.org,0,0,0,0,0,0,0,0,0,0,0,0,0,0,0,0,0,0,0,0,0,0,6,0,0,0,0,0,0,0,0,0,0,0
WolfLink@sh.itjust.works,0,0,0,0,0,0,0,0,0,0,0,0,0,0,0,0,0,0,0,0,0,0,0,0,7,14,0,0,0,0,0,0,0,9
dogpound@lemmy.world,428,8,2,1,34,203,52,77,658,24,18,10,90,112,3,247,249,6,0,11,1,241,35,5,15,13,1,0,105,132,6,7,3,42
mal@kolektiva.social,0,0,0,0,0,4,0,0,0,0,0,0,0,0,0,0,0,0,0,0,0,0,0,0,0,5,0,0,0,0,0,0,0,0
calamitycastle@lemmy.world,1,0,0,0,0,0,0,0,0,0,0,0,0,0,0,0,0,0,0,0,0,0,2,0,2,0,0,0,0,0,0,0,0,0
PhatalFlaw@lemmy.world,0,0,2,49,8,1,0,0,0,0,0,0,0,0,0,0,0,0,0,0,0,0,0,0,0,0,0,4,0,0,0,0,0,0
lycanrising@lemmy.world,0,0,0,0,0,0,0,0,0,0,0,0,0,0,0,0,0,0,0,0,1,0,0,0,0,0,0,0,0,0,0,0,0,0
mage_of_dragons@mastodon.social,0,0,9,2,0,3,0,0,0,0,0,0,0,0,0,0,0,0,0,0,0,7,8,0,0,0,0,12,0,0,0,0,0,0
BowserBasher@lemmy.world,0,0,0,0,0,0,0,0,0,0,0,0,0,0,0,0,0,0,0,0,0,0,0,0,0,0,0,0,0,0,0,0,0,5
NocturnalMorning@lemmy.world,0,0,0,0,0,0,0,0,0,0,0,0,0,0,0,0,0,0,0,0,0,0,0,0,2,0,0,0,0,0,0,0,0,0
a_person@lemmy.world,2,0,0,0,0,0,0,0,0,0,0,0,0,0,0,0,0,0,0,0,0,0,0,0,0,1,0,0,0,0,0,0,0,0
kickeriekuh@discuss.tchncs.de,0,0,0,0,0,0,0,0,0,0,0,0,0,0,0,0,1,0,0,0,0,0,0,0,0,0,0,0,0,0,0,0,0,0
lena@gregtech.eu,4,0,0,0,0,0,0,0,0,0,0,0,0,0,0,0,0,0,0,0,0,0,8,0,0,0,0,6,0,28,7,0,0,0
velvet@equestria.social,0,0,0,0,65,0,0,0,0,0,0,0,0,32,0,0,6,0,0,0,0,7,0,0,0,0,0,38,0,6,0,0,0,0
InEnduringGrowStrong@sh.itjust.works,0,0,0,0,0,4,0,0,0,0,0,0,0,0,0,0,0,0,0,0,0,0,0,0,0,0,0,0,0,0,0,0,0,0
bhez@lemmy.ml,0,0,0,0,0,0,0,0,0,16,0,0,0,0,0,0,0,0,0,0,2,0,0,0,0,0,0,0,0,3,0,0,0,0
gj713@toast.ooo,0,0,0,0,2,3,0,0,0,0,0,0,32,0,0,0,0,0,0,0,0,1,0,0,0,0,0,0,0,1,0,0,0,0
monkee@other.li,0,0,0,0,0,0,0,0,0,0,0,0,0,0,0,0,0,0,0,0,0,1,0,0,0,1,0,1,0,0,0,0,0,0
hemmes@sh.itjust.works,0,0,0,0,0,0,0,0,0,0,0,0,1,0,0,0,0,0,0,0,0,0,0,0,0,0,0,0,0,0,0,0,0,0
ji88aja88a@lemmy.world,0,0,0,0,0,0,0,0,0,0,0,0,0,0,0,0,0,0,0,0,0,0,1,0,0,0,0,0,0,0,0,0,0,0
idiotdoomspiral@lemmy.world,5,0,0,0,0,0,0,0,0,0,0,0,4,0,0,0,0,0,0,0,0,0,1,0,0,0,0,0,0,0,0,0,0,0
Astana@toast.ooo,495,3,2,0,3,3,0,0,0,0,0,0,1,0,0,0,0,0,0,0,0,0,0,2,0,0,0,0,0,0,0,0,0,0
oeil@jlai.lu,152,0,9,60,25,9,51,2,13,72,4,5,21,4,3,12,16,3,79,7,4,34,0,37,19,2,4,42,78,28,93,12,9,57
soramee@mas.to,13,1,26,4,1,1,20,0,1,51,1,82,1,0,0,0,0,0,0,0,0,0,0,0,0,0,0,11,0,2,4,0,7,0
Brambles@equestria.social,3,0,8,2,0,37,0,0,0,0,0,0,102,4,13,0,0,0,0,50,85,24,85,0,58,6,0,17,0,58,14,0,0,97
cathfish@lemmy.world,0,2,0,0,0,0,0,0,0,1,0,0,0,0,0,0,0,2,0,0,0,0,0,0,0,0,0,12,0,0,0,1,0,0
glennmagusharvey@sakurajima.moe,424,2,2,29,120,42,95,26,95,0,6,0,145,4,15,100,14,0,0,20,59,5,295,3,164,0,0,64,0,406,137,1,0,2
jjagaimo@sh.itjust.works,0,0,0,0,2,0,0,0,0,0,0,0,0,0,0,0,0,0,0,0,0,0,0,0,0,0,0,14,0,0,0,0,0,0
Aberration13@lemmy.world,55,118,1,0,0,10,0,0,0,0,0,0,30,0,0,0,33,4,0,7,7,11,0,0,17,22,44,9,0,41,0,0,0,9
nebula42@twoot.site,37,0,0,0,0,19,2,0,1,0,7,6,70,0,0,0,0,0,0,0,0,4,82,10,27,1,0,0,0,10,23,2,0,11
nazotokigame@mastodon.social,0,0,0,0,22,42,0,0,0,0,0,0,0,0,0,0,0,0,0,0,0,0,94,0,0,0,0,0,0,539,0,0,0,0
Mod@lemmy.world,2,0,0,0,0,4,0,0,0,0,0,0,0,0,0,0,0,0,0,0,0,0,0,0,0,0,0,0,0,0,0,0,0,0
ByteMarx@lemmy.dbzer0.com,0,1,0,0,0,3,0,0,0,0,0,0,0,0,0,0,0,0,0,0,0,0,0,0,0,0,0,0,0,0,0,0,0,0
flyingSock@feddit.org,2,0,0,0,0,0,0,0,0,0,0,0,0,0,0,0,0,0,0,0,0,0,0,0,0,0,0,14,0,3,0,0,0,0
Tetragrade@leminal.space,0,0,0,0,0,1,0,0,0,0,0,0,0,0,0,0,0,0,0,0,0,0,3,0,0,0,3,0,0,0,0,0,0,0
christiannotreligion@bytes.programming.dev,0,0,0,0,0,47,0,0,1,0,0,0,0,0,0,0,0,0,0,0,0,4,0,0,0,0,0,0,0,0,0,0,0,0
celeste@feddit.org,1,0,0,0,0,1,0,0,0,0,0,0,0,0,0,0,0,0,0,0,0,0,0,0,0,0,0,0,0,0,0,0,0,0
Spezi@feddit.org,405,76,53,3,156,142,2,0,0,56,10,64,194,31,0,0,6,0,0,4,0,16,4,0,0,0,0,4,0,103,3,5,0,0
zener_diode@feddit.org,154,7,0,0,3,3,12,12,0,0,88,3,132,22,0,4,216,4,0,0,0,24,74,87,0,0,0,0,1,129,2,0,0,55
innermeerkat@jlai.lu,55,71,8,5,3,73,15,30,1,14,7,10,39,0,0,13,6,0,0,163,0,12,2,16,0,12,0,0,1,25,0,0,10,5
QuasarHusky@meow.social,0,0,0,0,0,0,0,0,0,0,0,0,9,0,11,9,1,0,0,0,2,1,8,0,0,0,0,0,0,0,0,0,0,0
NorthWestWind@lemmy.zip,0,0,1,0,0,1,27,0,0,0,0,3,13,0,0,0,0,0,0,16,0,0,0,0,0,0,0,0,0,0,0,0,0,0
wdx@feddit.org,0,0,0,0,0,0,0,0,0,0,0,0,1,0,0,0,0,0,0,0,0,0,0,0,0,0,0,0,0,0,0,0,0,0
Nusm@yall.theatl.social,0,0,0,0,0,0,0,0,0,0,0,1,0,0,0,0,0,0,0,0,0,0,0,0,0,0,0,0,0,0,0,0,0,0
viviansequeira@mastodon.world,43,0,45,0,140,27,0,0,0,0,0,0,86,0,0,76,158,3,0,0,0,2,36,6,0,0,0,7,0,139,26,59,0,2
rehwanne@social.antifa.gmbh,0,0,0,0,0,0,0,0,0,15,0,0,0,0,0,0,0,0,0,0,0,0,0,0,0,0,0,0,0,0,0,0,0,0
ThePJN@universeodon.com,0,0,0,0,0,0,2,0,0,0,0,3,0,0,0,0,0,0,0,0,0,0,0,0,0,0,0,0,0,0,0,0,0,0
Illinoismapper@toast.ooo,233,62,61,33,36,143,29,7,5,38,0,0,116,38,24,0,17,61,189,47,19,115,98,7,0,3,10,0,119,68,25,40,2,0
bunitor@lemmy.eco.br,76,0,0,0,1,0,0,0,0,0,0,0,0,0,0,0,0,0,0,0,0,0,16,0,0,0,0,0,0,43,0,0,0,0
Diabolickal@lemmy.world,3,0,0,0,0,0,0,0,0,0,0,0,0,0,0,0,0,0,0,0,0,0,0,0,0,0,0,0,0,5,0,0,0,0
hsr@lemmy.dbzer0.com,0,0,0,0,0,0,0,0,0,0,0,0,0,0,0,0,0,0,0,0,0,0,0,0,0,8,0,0,0,0,0,0,0,0
paul_the_ball@programming.dev,137,0,0,4,10,0,0,0,0,0,0,0,0,1,4,12,9,8,29,0,0,25,72,2,0,0,2,2,0,0,0,0,0,11
rakete@feddit.org,0,0,0,0,0,0,0,0,0,0,0,0,1,0,0,0,0,0,0,0,0,0,0,0,0,0,0,0,0,2,0,0,0,0
anon@ymous.au,0,0,0,8,0,37,0,0,0,0,0,0,39,0,0,211,0,0,0,0,66,0,85,1,0,1,2,0,1,204,0,0,0,3
MrKurteous@feddit.nu,0,0,0,0,0,0,0,0,0,0,0,0,0,0,0,0,0,0,0,0,0,0,1,0,0,0,0,0,0,0,0,0,0,0
fireslorm@mstdn.ca,5,2,0,0,0,1,0,0,0,0,0,0,2,0,0,0,0,0,0,0,1,16,11,0,0,0,0,0,0,48,0,0,0,0
Harvey656@lemmy.world,0,0,0,0,0,0,2,0,0,0,0,0,0,0,0,0,0,0,0,0,0,0,0,0,0,0,0,0,0,0,0,0,0,0
krakenfury@lemmy.sdf.org,4,0,0,0,0,0,0,0,0,0,0,0,0,0,0,0,0,0,0,0,0,0,0,0,0,0,0,0,0,0,0,0,0,0
MidsizedSedan@lemmy.world,197,16,33,25,2,38,0,0,0,0,12,0,39,6,0,47,0,0,0,2,15,8,17,2,416,108,21,12,0,115,0,7,0,99
zormit@chaos.social,0,0,0,0,0,0,0,0,0,0,0,0,5,0,0,0,0,0,0,0,0,0,6,0,0,0,0,0,0,0,0,0,0,0
dujmovivo@gruene.social,0,0,0,0,0,0,0,0,0,0,0,0,0,0,0,0,0,0,0,0,0,0,0,0,0,1,0,0,0,0,0,0,0,0
haroldstork@lemmy.ml,0,0,0,0,0,3,0,0,0,0,0,0,17,4,0,0,0,0,0,0,3,0,0,0,0,0,0,0,0,27,0,0,0,0
Wisas62@lemmy.world,0,0,0,0,0,0,0,0,0,0,0,0,0,0,0,0,0,0,0,0,7,0,0,0,0,0,7,0,0,0,0,0,0,0
Fitik@esperanto.masto.host,0,0,0,0,0,6,0,0,0,0,0,0,1,0,0,0,0,0,0,0,0,0,0,0,0,0,0,0,0,109,0,0,0,0
mondsucht@discuss.tchncs.de,217,130,16,249,147,47,0,0,0,0,11,0,161,2,0,7,63,9,35,41,22,29,105,13,118,0,9,74,0,296,1,6,16,41
kaenguru_12@discuss.tchncs.de,36,0,1,0,3,5,2,0,0,1,0,0,1,9,0,0,3,0,10,0,1,2,2,0,16,0,9,2,0,27,6,6,0,1
ksigley@lemmy.world,2,0,0,0,0,0,0,0,0,0,0,0,0,0,0,0,0,0,0,0,2,0,1,0,0,0,0,0,0,1,0,0,0,1
Summatia@splatsville.social,3,0,1,0,3,2,26,2,0,0,0,0,25,0,0,0,0,0,0,34,0,0,0,0,0,0,0,0,0,0,0,0,0,0
dns@donotsta.re,1,44,0,0,0,8,0,0,0,0,2,3,0,0,0,0,0,2,0,0,0,9,2,0,0,0,0,0,1,14,0,0,0,0
DrunkAnRoot@sh.itjust.works,20,0,0,0,0,0,0,0,0,0,0,0,0,0,0,0,0,0,0,0,0,11,0,0,0,0,0,0,0,7,0,0,0,0
Brokuli@sopuli.xyz,16,7,0,8,12,58,1,9,0,0,0,0,11,12,0,0,0,6,24,4,0,0,5,0,6,0,0,0,0,11,0,25,0,0
magikh@h4.io,0,0,0,0,0,17,0,0,0,0,0,0,0,0,0,0,0,0,0,0,0,0,0,0,0,0,0,0,0,0,0,0,0,0
Handtuch42@troet.cafe,2,0,0,0,0,0,0,0,0,0,0,0,4,4,0,0,0,0,0,0,3,5,5,0,0,0,0,0,0,1,0,0,0,0
hisold@toot.io,180,0,0,0,73,159,0,0,0,0,9,0,112,0,0,0,18,28,0,0,0,27,56,8,0,0,0,25,0,136,0,0,0,0
thal3s@sh.itjust.works,90,3,2,0,0,6,0,0,0,0,4,0,0,0,0,42,0,0,0,0,1,2,4,0,0,0,0,31,0,1,0,21,0,0
Eevay_@mastodon.social,0,0,0,0,3,72,0,0,0,0,0,0,171,0,0,0,0,0,0,0,0,0,9,0,0,0,0,0,0,27,19,0,0,0
roberth@functional.cafe,203,52,34,23,96,45,21,13,44,15,21,55,151,5,0,3,92,11,33,73,108,80,155,12,0,0,0,52,34,41,22,38,0,38
renobel@toast.ooo,152,145,26,121,270,1022,77,138,109,2,0,9,28,189,0,0,0,0,14,0,20,0,3,2,0,0,105,11,27,18,366,33,0,0
VNBright@toast.ooo,142,53,83,125,99,43,4,1,0,0,20,30,15,20,5,4,8,5,0,0,9,7,14,9,6,3,0,4,17,6,49,8,0,4
Tamero@dizl.de,168,74,354,364,357,76,5,5,6,6,563,16,19,21,36,32,30,17,23,30,32,31,32,59,21,20,12,6,5,14,10,14,29,28
StrangeLookingTree@grants.cafe,319,10,5,0,0,160,16,0,3,1,62,72,8,26,44,0,56,0,0,5,26,75,8,11,0,24,2,0,4,827,56,22,4,383
Tudsamfa@lemmy.world,156,70,14,43,101,253,34,1,0,4,3,50,64,49,2,13,15,6,57,0,104,115,85,13,0,0,35,80,22,144,4,2,14,4
c6ristian@social.nekover.se,0,0,0,0,0,0,0,0,0,0,0,0,0,0,0,0,0,0,0,0,0,0,0,0,0,0,0,0,0,1,0,0,0,0
AlabasterRadiance@equestria.social,0,0,0,0,0,0,0,0,0,0,0,0,0,0,0,0,0,0,0,0,0,0,0,0,3,2,0,0,0,0,0,0,0,1
schm0lle@rheinneckar.social,0,0,0,0,0,0,0,0,0,0,0,0,0,0,0,0,0,0,0,0,0,0,0,0,0,0,13,0,0,0,0,3,0,0
potoo22@programming.dev,38,4,8,12,2,3,0,2,4,0,0,0,16,0,0,1,0,0,0,0,2,10,4,4,0,0,3,3,0,10,0,12,0,11
Life_inst_bad@lemmy.world,250,3,1,13,6,16,4,0,9,146,0,0,314,67,0,11,4,0,0,0,5,12,14,0,11,0,5,10,0,145,16,0,1,0
Wizard_Pope@lemmy.world,0,0,0,0,0,1,0,0,0,0,0,0,0,0,0,0,0,0,0,0,0,0,0,0,0,0,0,0,0,1,0,0,0,0
fedbot@lemmy.30p87.de,6,0,0,0,0,11,8,0,0,0,0,0,0,0,0,0,0,0,0,0,0,0,0,0,0,0,0,0,0,0,0,0,0,0
30p87@feddit.org,527,85,13,8,25,101,143,9,1,0,0,0,25,59,265,3,14,1,125,118,9,18,51,4,5,0,45,22,0,41,7,29,0,0
qugalet@pl.m0e.space,8,0,0,0,0,0,0,0,0,0,0,0,0,0,0,0,0,0,0,0,0,0,0,0,0,0,0,0,0,0,0,0,0,0
kanishk@leminal.space,0,8,0,0,0,9,0,0,0,0,0,0,0,0,0,0,0,0,0,0,0,0,0,6,0,0,0,0,0,4,0,0,0,0
u1l@chaos.social,10,0,0,0,0,5,0,0,0,0,0,0,2,0,0,0,0,0,0,0,0,0,0,0,0,0,0,0,0,0,0,0,0,0
famfo@frogs.lgbt,185,169,8,48,8,37,0,0,0,0,8,0,21,0,1,2,0,28,0,0,0,0,0,0,7,0,0,0,0,61,0,0,0,0
the16bitgamer@programming.dev,9,0,0,0,1,0,0,0,0,0,5,6,7,0,0,0,0,0,0,0,0,1,0,3,0,0,0,0,0,0,0,0,0,0
joyjoy@lemmy.zip,0,0,0,3,1,60,0,0,0,0,0,0,103,0,0,0,0,0,0,0,0,0,48,0,0,0,0,0,0,14,50,0,0,0
erytau@mastodon.social,148,9,23,2,19,2,0,0,0,0,0,3,11,12,0,0,3,1,27,33,0,19,3,0,1,0,2,2,0,9,7,0,0,0
LilaHexe@fedi.lilahexe.top,29,1,2,32,0,8,0,0,0,0,44,10,23,0,1,2,0,0,0,0,0,7,0,0,1,0,0,0,45,5,0,0,0,0
JimBer110@mastodon.jimmy-b.se,0,0,0,0,0,0,0,0,0,0,0,0,0,0,0,0,0,0,0,0,0,0,1,0,0,0,0,0,0,0,0,0,0,0
wheresalice@social.gfsc.studio,11,0,0,0,0,1,0,0,0,0,0,0,0,0,0,0,0,0,0,0,0,11,0,1,0,0,0,0,0,0,0,0,0,2
AnonomousWolf@lemmy.world,71,2,0,0,0,6,0,0,0,0,0,42,0,0,0,0,263,0,0,0,0,0,115,0,0,0,0,0,0,107,11,1,0,0
BetterDev@programming.dev,1,0,0,0,0,0,0,0,0,0,0,0,0,0,0,0,0,0,0,0,0,0,0,0,0,0,0,0,0,0,0,0,0,0
shmanio@lemmy.world,325,0,26,5,8,206,0,14,1,0,1,0,14,0,0,6,59,5,0,0,0,4,238,0,0,0,0,5,5,49,17,0,0,9
derpgon@programming.dev,43,1,0,0,6,72,0,0,0,0,0,0,0,0,7,18,18,5,0,0,0,12,11,8,0,0,0,0,0,0,0,0,0,3
Mouseborg@mastodon.social,255,0,8,37,16,0,0,2,7,0,18,7,128,143,0,23,0,0,0,0,1,39,18,27,33,20,0,0,6,12,0,0,0,44
khaleer@mastodon.gamedev.place,0,0,0,0,0,0,0,0,0,0,0,0,0,0,0,0,0,0,0,0,0,0,0,0,0,0,0,0,0,6,0,0,0,0
Diplomjodler3@lemmy.world,0,0,0,0,0,0,0,0,0,0,0,0,0,0,0,0,0,0,0,0,0,1,0,0,0,0,0,0,0,0,0,0,0,0
froufox@lemmy.blahaj.zone,0,0,0,0,2,0,0,0,0,0,0,0,0,0,0,0,0,0,0,0,0,0,3,0,0,0,0,0,0,0,0,0,0,0
hdggDalton@lemmy.world,1625,159,17,0,0,10,2,0,0,0,1,1,0,0,0,11,19,0,0,0,0,0,0,0,0,0,0,0,0,16,0,0,0,1
Adopon@lemmy.world,41,20,17,38,15,543,31,18,15,37,67,96,140,117,0,72,13,15,0,0,101,440,48,88,78,8,165,448,12,95,5,5,0,37
adlerweb@social.adlerweb.info,207,1,126,44,65,79,0,0,0,0,24,3,6,0,0,23,0,0,0,0,80,26,24,4,10,0,5,25,0,20,0,0,0,2
bobidle@fem.social,33,0,0,0,0,0,0,0,0,0,0,0,0,0,0,0,0,0,0,0,0,175,0,0,0,0,0,0,0,0,0,0,0,0
captainoreo@chaos.social,0,0,0,0,0,0,0,0,0,0,0,0,0,0,0,0,0,0,0,0,0,0,4,0,0,0,0,0,0,0,0,0,0,0
nuko147@lemmy.world,226,3,127,18,60,264,5,0,1,4,4,91,119,0,47,210,154,0,5,0,29,130,78,17,175,0,18,0,0,153,0,0,2,411
yen@europe.pub,8,0,17,106,118,176,141,113,0,165,0,12,17,9,2,6,377,21,12,0,0,0,171,0,0,0,0,26,0,26,5,4,6,18
hazyskies@toast.ooo,75,21,44,46,57,119,3,7,0,16,1,0,220,6,7,23,3,5,124,2,19,75,175,18,46,0,114,11,24,14,1,0,7,22
Novocirab@feddit.org,43,8,1,1,41,34,1,0,3,1,3,6,7,8,9,11,9,4,1,0,9,71,13,14,4,4,4,3,45,31,12,11,0,5
FQQD@lemmy.ohaa.xyz,754,147,57,15,49,228,131,0,0,0,0,20,66,31,242,27,55,0,204,45,7,35,57,64,7,0,55,20,24,67,28,4,0,3
AbnormalHumanBeing@lemmy.abnormalbeings.space,310,9,1,10,0,11,0,0,0,0,7,0,114,0,0,5,20,0,0,0,12,25,24,0,51,26,25,0,0,182,0,0,0,25
WrenMala8@pawb.social,12,0,0,0,4,8,76,1,0,28,55,0,0,0,0,0,58,0,9,9,9,9,33,9,0,0,0,0,16,20,23,5,1,4
MayhemWizard2@grants.cafe,409,3,0,0,6,143,15,0,1,0,83,96,0,34,45,3,45,0,0,2,105,66,3,30,1,14,1,11,5,906,83,51,8,462
Dexruus@chaos.social,517,3,3,6,72,141,0,24,99,0,99,0,103,2,0,73,37,17,0,0,20,69,165,27,46,41,24,38,6,281,0,0,9,47
irelephant@app.wafrn.net,181,1,0,0,0,103,8,0,0,0,77,0,0,26,1,28,17,1,0,0,0,0,59,44,0,33,22,0,0,0,0,0,0,0
MumboJumbo@lemmy.world,0,0,0,0,0,28,0,0,0,0,0,0,0,0,0,13,0,0,0,0,0,0,0,0,0,0,0,0,0,0,0,0,0,0
C0MPUT3_36@sh.itjust.works,465,0,10,10,3,76,0,16,0,1,5,3,140,14,1,26,25,0,0,0,18,29,10,0,117,0,15,1,46,198,0,1,0,64
Bluphph@mastodon.social,2108,0,0,0,0,61,0,0,0,0,0,0,0,0,0,0,0,0,0,0,0,0,0,0,0,0,0,0,0,0,0,0,0,0
LexRudera@equestria.social,0,0,0,0,0,120,0,0,0,0,0,0,15,0,0,0,0,0,0,0,0,0,14,0,0,0,0,0,0,117,51,0,0,0
P4ulin_Kbana@lemmy.eco.br,113,20,3,9,2,138,37,28,0,41,3,39,202,2,40,384,80,5,17,3,1,20,111,32,1,1,0,5,21,111,50,97,0,0
fusselwurm@berlin.social,581,64,167,89,59,117,0,0,0,0,0,0,52,1,0,0,0,0,0,0,0,27,51,16,0,0,0,7,0,20,0,0,3,77
nuggsy@lemmy.world,78,0,16,64,312,62,177,92,25,21,3,72,333,158,0,1,12,1,4,0,15,13,77,18,8,1,16,58,131,325,243,1,3,96
helloyanis@furries.club,15,0,10,1,51,46,0,0,0,0,10,1,3,0,2,22,315,48,0,6,2,1,6,0,1,3,4,0,0,34,0,0,0,0
ProfAel@feddit.org,4,0,0,0,0,28,0,0,0,0,0,0,0,0,28,0,0,0,0,0,0,0,0,2,0,0,0,6,0,0,0,0,0,0
rarWars@lemmy.blahaj.zone,103,1,0,3,0,48,0,0,0,0,0,20,56,13,0,0,16,0,0,0,132,0,251,0,186,123,183,10,11,53,0,0,0,46
